;;Généré par gpx_to_altitude_csv.py depuis parcours.gpx
Distance (m); Altitude (m)
0;173.0
100;171.8
200;171.5
300;171.1
400;171.7
500;172.8
600;174.0
700;171.8
800;170.6
900;169.9
1000;169.9
1100;171.3
1200;171.0
1300;171.0
1400;171.0
1500;171.0
1600;171.0
1700;171.0
1800;173.1
1900;173.0
2000;172.0
2100;172.0
2200;173.4
2300;174.0
2400;172.3
2500;173.0
2600;171.9
2700;170.7
2800;170.4
2900;169.6
3000;169.0
3100;168.9
3200;168.5
3300;168.1
3400;168.4
3500;168.8
3600;168.8
3700;168.3
3800;167.6
3900;167.3
4000;167.8
4100;168.8
4200;170.0
4300;169.4
4400;168.6
4500;168.3
4600;169.8
4700;168.1
4800;168.0
4900;168.0
5000;168.0
5100;170.8
5200;175.1
5300;176.7
5400;177.6
5500;178.4
5600;179.6
5700;181.2
5800;182.9
5900;184.6
6000;186.2
6100;186.2
6200;184.6
6300;182.1
6400;179.2
6500;176.8
6600;174.3
6700;173.4
6800;172.1
6900;171.0
7000;171.4
7100;171.8
7200;171.9
7300;171.5
7400;171.1
7500;171.6
7600;172.6
7700;173.9
7800;175.0
7900;174.6
8000;174.1
8100;174.6
8200;174.0
8300;172.4
8400;172.5
8500;173.2
8600;173.7
8700;174.4
8800;175.0
8900;175.7
9000;176.4
9100;177.1
9200;177.8
9300;178.4
9400;179.0
9500;179.0
9600;178.8
9700;178.4
9800;178.1
9900;176.4
10000;175.6
10100;175.2
10200;174.8
10300;174.4
10400;173.9
10500;173.5
10600;173.1
10700;173.2
10800;173.9
10900;174.3
11000;174.7
11100;175.1
11200;175.5
11300;175.9
11400;176.1
11500;177.4
11600;177.2
11700;177.0
11800;177.0
11900;177.0
12000;180.4
12100;182.1
12200;183.5
12300;187.3
12400;188.6
12500;188.4
12600;188.0
12700;187.1
12800;185.0
12900;185.0
13000;186.2
13100;190.9
13200;191.5
13300;190.5
13400;188.5
13500;187.2
13600;190.6
13700;192.2
13800;190.3
13900;192.6
14000;195.0
14100;194.3
14200;192.3
14300;190.6
14400;190.2
14500;191.0
14600;201.6
14700;209.9
14800;212.2
14900;216.0
15000;219.1
15100;226.4
15200;233.8
15300;243.2
15400;244.5
15500;246.6
15600;250.7
15700;245.0
15800;242.9
15900;245.2
16000;250.3
16100;250.7
16200;240.4
16300;240.1
16400;237.7
16500;235.3
16600;231.7
16700;222.3
16800;216.8
16900;228.4
17000;233.3
17100;233.7
17200;234.4
17300;236.8
17400;240.8
17500;245.7
17600;245.7
17700;249.7
17800;246.9
17900;231.1
18000;235.6
18100;242.7
18200;232.1
18300;235.0
18400;232.2
18500;221.8
18600;215.7
18700;206.7
18800;211.2
18900;221.7
19000;223.7
19100;227.7
19200;238.6
19300;256.1
19400;262.4
19500;255.6
19600;251.5
19700;250.0
19800;240.3
19900;235.0
20000;222.9
20100;217.8
20200;229.0
20300;231.9
20400;228.0
20500;228.0
20600;228.0
20700;228.7
20800;230.0
20900;235.4
21000;238.7
21100;237.0
21200;247.1
21300;250.5
21400;247.9
21500;241.8
21600;239.3
21700;231.0
21800;230.1
21900;222.3
22000;216.7
22100;211.8
22200;207.6
22300;206.3
22400;206.1
22500;204.0
22600;205.1
22700;208.6
22800;213.0
22900;217.4
23000;220.0
23100;220.8
23200;222.2
23300;223.6
23400;225.8
23500;228.7
23600;233.2
23700;225.5
23800;214.4
23900;216.9
24000;217.0
24100;217.0
24200;217.0
24300;218.9
24400;226.2
24500;233.2
24600;224.6
24700;223.9
24800;231.0
24900;232.9
25000;236.9
25100;241.0
25200;242.5
25300;248.2
25400;240.5
25500;235.0
25600;241.5
25700;245.5
25800;248.1
25900;251.0
26000;251.0
26100;248.5
26200;246.6
26300;250.9
26400;249.6
26500;242.6
26600;240.0
26700;242.1
26800;247.0
26900;246.5
27000;240.0
27100;237.6
27200;243.6
27300;246.0
27400;245.1
27500;246.9
27600;252.0
27700;252.0
27800;251.5
27900;249.3
28000;247.6
28100;251.7
28200;251.5
28300;249.3
28400;248.4
28500;257.1
28600;254.9
28700;252.4
28800;253.0
28900;255.3
29000;262.4
29100;263.5
29200;264.0
29300;264.7
29400;268.3
29500;265.2
29600;266.7
29700;266.0
29800;267.1
29900;268.5
30000;265.5
30100;262.3
30200;265.3
30300;269.9
30400;270.0
30500;265.2
30600;266.7
30700;266.8
30800;266.1
30900;270.2
31000;273.8
31100;276.0
31200;272.0
31300;271.0
31400;270.3
31500;268.3
31600;267.3
31700;270.0
31800;270.0
31900;272.0
32000;272.0
32100;272.4
32200;273.1
32300;274.3
32400;276.4
32500;276.0
32600;277.5
32700;279.0
32800;279.9
32900;279.0
33000;279.6
33100;280.3
33200;281.0
33300;280.6
33400;280.2
33500;281.0
33600;283.5
33700;286.1
33800;288.5
33900;290.4
34000;292.3
34100;294.1
34200;295.0
34300;295.6
34400;297.6
34500;299.6
34600;298.6
34700;295.1
34800;290.3
34900;288.0
35000;284.6
35100;281.5
35200;280.0
35300;280.4
35400;281.6
35500;282.0
35600;282.0
35700;282.8
35800;283.4
35900;283.4
36000;283.5
36100;281.7
36200;277.1
36300;274.3
36400;273.0
36500;273.9
36600;272.9
36700;264.6
36800;251.7
36900;239.8
37000;228.5
37100;225.0
37200;228.6
37300;234.8
37400;244.2
37500;248.2
37600;247.4
37700;244.9
37800;239.2
37900;233.2
38000;228.9
38100;227.7
38200;226.8
38300;225.8
38400;225.1
38500;226.2
38600;228.6
38700;226.0
38800;223.3
38900;223.7
39000;223.0
39100;222.9
39200;221.5
39300;220.0
39400;218.4
39500;218.8
39600;219.9
39700;220.2
39800;220.8
39900;220.4
40000;222.0
40100;222.0
40200;222.2
40300;222.8
40400;223.0
40500;222.7
40600;221.8
40700;221.1
40800;221.9
40900;222.5
41000;223.2
41100;223.9
41200;224.4
41300;225.0
41400;226.2
41500;228.1
41600;228.4
41700;227.4
41800;231.3
41900;234.2
42000;237.1
42100;240.2
42200;246.6
42300;256.8
42400;266.4
42500;270.5
42600;271.9
42700;275.7
42800;280.0
42900;278.3
43000;277.3
43100;280.6
43200;288.3
43300;289.9
43400;289.8
43500;289.6
43600;289.5
43700;289.3
43800;289.2
43900;289.1
44000;286.6
44100;279.5
44200;267.6
44300;253.5
44400;242.2
44500;233.7
44600;230.2
44700;229.2
44800;228.3
44900;226.4
45000;224.6
45100;224.0
45200;224.0
45300;224.0
45400;224.5
45500;225.5
45600;226.4
45700;227.4
45800;228.4
45900;229.4
46000;230.4
46100;230.0
46200;227.8
46300;227.1
46400;226.4
46500;225.2
46600;223.2
46700;221.4
46800;221.6
46900;222.3
47000;223.0
47100;223.2
47200;224.5
47300;225.1
47400;225.8
47500;226.5
47600;228.5
47700;229.9
47800;231.9
47900;233.6
48000;232.7
48100;231.7
48200;230.8
48300;229.8
48400;228.9
48500;227.9
48600;227.0
48700;227.9
48800;229.7
48900;231.5
49000;233.3
49100;235.2
49200;234.3
49300;232.0
49400;231.0
49500;232.0
49600;233.0
49700;234.0
49800;235.0
49900;236.0
50000;237.0
50100;238.0
50200;239.0
50300;239.9
50400;240.9
50500;241.9
50600;240.2
50700;238.2
50800;237.2
50900;236.3
51000;235.4
51100;234.5
51200;233.6
51300;232.7
51400;231.8
51500;230.9
51600;230.0
51700;229.1
51800;229.0
51900;229.5
52000;230.3
52100;231.1
52200;231.8
52300;232.6
52400;233.4
52500;234.1
52600;234.9
52700;235.6
52800;236.4
52900;237.8
53000;236.3
53100;234.8
53200;233.0
53300;231.2
53400;232.0
53500;232.7
53600;232.0
53700;231.0
53800;231.5
53900;230.9
54000;229.2
54100;230.0
54200;230.0
54300;229.2
54400;229.2
54500;230.5
54600;231.6
54700;230.5
54800;230.1
54900;231.0
55000;231.4
55100;232.0
55200;232.0
55300;232.0
55400;232.0
55500;232.0
55600;231.8
55700;231.2
55800;232.0
55900;233.0
56000;234.0
56100;233.0
56200;233.0
56300;232.2
56400;232.1
56500;233.3
56600;233.3
56700;233.5
56800;234.0
56900;236.0
57000;236.0
57100;236.0
57200;236.0
57300;235.8
57400;238.2
57500;239.0
57600;238.2
57700;236.1
57800;233.0
57900;233.0
58000;233.0
58100;233.9
58200;235.0
58300;232.5
58400;232.1
58500;233.0
58600;233.7
58700;235.3
58800;236.2
58900;237.0
59000;237.0
59100;236.5
59200;235.5
59300;234.7
59400;234.0
59500;234.0
59600;234.0
59700;234.0
59800;234.5
59900;235.0
60000;237.1
60100;238.9
60200;239.6
60300;239.5
60400;239.9
60500;239.0
60600;239.0
60700;239.2
60800;239.5
60900;239.9
61000;241.0
61100;241.5
61200;243.0
61300;243.0
61400;242.0
61500;247.0
61600;249.1
61700;249.7
61800;254.2
61900;265.7
62000;272.8
62100;282.3
62200;294.9
62300;292.9
62400;292.4
62500;295.7
62600;300.0
62700;300.0
62800;299.0
62900;297.4
63000;292.8
63100;289.5
63200;285.8
63300;281.2
63400;276.7
63500;275.9
63600;275.7
63700;275.6
63800;275.5
63900;275.3
64000;275.2
64100;275.0
64200;273.1
64300;272.1
64400;273.4
64500;274.3
64600;275.0
64700;275.6
64800;277.7
64900;280.3
65000;280.9
65100;278.1
65200;274.4
65300;272.8
65400;271.6
65500;270.2
65600;269.7
65700;272.2
65800;273.2
65900;274.5
66000;273.9
66100;272.4
66200;278.3
66300;284.2
66400;289.6
66500;294.0
66600;296.6
66700;299.2
66800;303.1
66900;304.2
67000;305.2
67100;306.2
67200;307.2
67300;308.5
67400;309.0
67500;308.9
67600;308.0
67700;309.9
67800;311.8
67900;312.9
68000;312.1
68100;313.1
68200;314.8
68300;315.0
68400;302.5
68500;298.1
68600;295.4
68700;292.3
68800;285.2
68900;279.0
69000;269.3
69100;262.0
69200;260.0
69300;260.0
69400;260.0
69500;260.0
69600;260.9
69700;267.0
69800;268.0
69900;268.9
70000;267.1
70100;266.5
70200;264.5
70300;268.6
70400;269.2
70500;266.4
70600;263.5
70700;259.4
70800;260.2
70900;260.0
71000;260.9
71100;262.3
71200;262.6
71300;261.8
71400;262.2
71500;276.8
71600;289.0
71700;303.7
71800;303.4
71900;304.0
72000;304.7
72100;312.1
72200;313.0
72300;314.0
72400;316.0
72500;323.0
72600;334.5
72700;338.2
72800;345.9
72900;341.7
73000;330.8
73100;329.9
73200;326.8
73300;320.3
73400;313.8
73500;309.2
73600;305.1
73700;300.5
73800;295.5
73900;292.7
74000;288.2
74100;287.4
74200;286.2
74300;286.9
74400;289.5
74500;288.3
74600;288.7
74700;288.0
74800;287.4
74900;286.7
75000;286.2
75100;291.7
75200;293.7
75300;295.7
75400;296.2
75500;296.4
75600;296.6
75700;296.8
75800;297.0
75900;296.1
76000;294.1
76100;289.9
76200;287.2
76300;285.3
76400;284.6
76500;284.0
76600;282.6
76700;281.0
76800;279.5
76900;277.9
77000;272.0
77100;271.0
77200;274.7
77300;276.0
77400;281.1
77500;289.0
77600;296.3
77700;299.9
77800;306.0
77900;309.0
78000;312.0
78100;324.5
78200;334.9
78300;345.4
78400;348.2
78500;351.0
78600;353.5
78700;358.1
78800;364.8
78900;377.2
79000;381.9
79100;378.8
79200;380.6
79300;385.3
79400;391.4
79500;396.0
79600;396.0
79700;394.0
79800;393.1
79900;393.9
80000;394.0
80100;393.0
80200;388.8
80300;383.8
80400;378.7
80500;375.1
80600;369.7
80700;364.0
80800;365.4
80900;368.0
81000;363.1
81100;364.0
81200;363.2
81300;359.2
81400;356.6
81500;354.0
81600;354.2
81700;359.2
81800;369.7
81900;380.5
82000;392.5
82100;399.4
82200;402.9
82300;407.7
82400;411.9
82500;421.0
82600;425.4
82700;427.4
82800;431.5
82900;437.0
83000;444.2
83100;451.2
83200;458.6
83300;465.6
83400;470.6
83500;474.3
83600;478.1
83700;481.8
83800;485.5
83900;489.3
84000;493.0
84100;496.0
84200;497.1
84300;498.9
84400;503.7
84500;505.9
84600;501.8
84700;497.8
84800;492.8
84900;487.5
85000;482.7
85100;480.4
85200;476.9
85300;471.0
85400;474.0
85500;477.9
85600;481.8
85700;484.8
85800;485.1
85900;483.0
86000;482.2
86100;487.0
86200;498.5
86300;500.5
86400;495.1
86500;490.3
86600;489.8
86700;493.7
86800;497.9
86900;503.1
87000;504.0
87100;508.2
87200;515.5
87300;522.8
87400;530.0
87500;531.8
87600;531.9
87700;535.3
87800;539.9
87900;544.5
88000;547.8
88100;549.5
88200;550.2
88300;551.0
88400;544.8
88500;537.9
88600;527.5
88700;524.6
88800;523.0
88900;524.0
89000;529.8
89100;535.7
89200;541.8
89300;541.5
89400;539.9
89500;537.9
89600;535.9
89700;534.1
89800;534.1
89900;531.8
90000;528.5
90100;522.0
90200;522.0
90300;518.9
90400;517.0
90500;515.6
90600;506.3
90700;502.0
90800;502.7
90900;501.1
91000;498.1
91100;495.1
91200;495.5
91300;495.7
91400;493.9
91500;495.4
91600;491.5
91700;483.5
91800;481.0
91900;478.3
92000;476.9
92100;476.2
92200;472.4
92300;464.9
92400;464.6
92500;463.9
92600;462.4
92700;461.0
92800;459.1
92900;458.1
93000;459.5
93100;457.4
93200;454.2
93300;453.3
93400;454.7
93500;451.8
93600;450.0
93700;450.4
93800;450.7
93900;451.1
94000;451.4
94100;451.8
94200;453.0
94300;454.2
94400;456.2
94500;457.9
94600;460.9
94700;464.8
94800;467.3
94900;461.2
95000;462.0
95100;465.2
95200;469.8
95300;472.7
95400;471.1
95500;471.1
95600;470.2
95700;467.4
95800;466.4
95900;466.8
96000;465.4
96100;465.0
96200;462.5
96300;460.8
96400;449.3
96500;429.2
96600;431.7
96700;432.0
96800;401.5
96900;372.9
97000;344.4
97100;321.7
97200;315.2
97300;305.8
97400;295.3
97500;290.0
97600;292.9
97700;291.4
97800;288.0
97900;287.6
98000;288.5
98100;290.6
98200;293.6
98300;295.4
98400;295.7
98500;294.7
98600;295.1
98700;297.7
98800;298.1
98900;296.7
99000;296.0
99100;297.9
99200;295.4
99300;295.0
99400;295.0
99500;295.0
99600;295.0
99700;295.0
99800;293.3
99900;291.1
100000;291.5
100100;292.0
100200;293.4
100300;293.5
100400;292.5
100500;291.0
100600;290.0
100700;290.0
100800;290.8
100900;293.2
101000;295.5
101100;300.7
101200;308.2
101300;303.8
101400;303.6
101500;304.9
101600;306.7
101700;308.5
101800;304.0
101900;304.8
102000;305.6
102100;307.0
102200;308.9
102300;304.2
102400;303.0
102500;300.9
102600;304.0
102700;304.2
102800;305.7
102900;308.0
103000;310.2
103100;312.2
103200;314.2
103300;316.3
103400;317.5
103500;315.7
103600;317.7
103700;313.3
103800;315.9
103900;318.9
104000;316.4
104100;313.8
104200;315.7
104300;314.1
104400;314.5
104500;309.6
104600;300.6
104700;301.0
104800;303.3
104900;306.4
105000;307.0
105100;308.2
105200;310.3
105300;312.4
105400;313.8
105500;313.2
105600;313.0
105700;310.9
105800;309.3
105900;308.0
106000;308.0
106100;308.2
106200;310.1
106300;312.0
106400;312.1
106500;313.6
106600;314.0
106700;312.8
106800;309.7
106900;311.0
107000;315.0
107100;318.7
107200;319.6
107300;319.2
107400;321.4
107500;323.6
107600;327.5
107700;330.0
107800;332.7
107900;335.6
108000;338.6
108100;334.1
108200;328.3
108300;325.5
108400;324.2
108500;333.0
108600;333.0
108700;336.9
108800;333.9
108900;326.2
109000;318.9
109100;316.5
109200;318.6
109300;319.0
109400;318.0
109500;318.5
109600;319.2
109700;319.2
109800;319.5
109900;319.8
110000;320.0
110100;320.3
110200;320.6
110300;320.9
110400;319.0
110500;318.0
110600;319.7
110700;318.7
110800;318.0
110900;320.5
111000;320.9
111100;318.4
111200;317.0
111300;316.8
111400;315.1
111500;317.4
111600;318.4
111700;318.0
111800;317.6
111900;315.9
112000;314.3
112100;313.8
112200;318.6
112300;325.0
112400;325.0
112500;325.8
112600;323.3
112700;322.5
112800;329.3
112900;336.1
113000;336.9
113100;331.0
113200;330.2
113300;333.9
113400;339.0
113500;343.9
113600;340.4
113700;331.5
113800;326.3
113900;323.0
114000;319.8
114100;317.0
114200;319.2
114300;320.4
114400;316.0
114500;317.6
114600;320.7
114700;323.7
114800;328.5
114900;333.9
115000;334.3
115100;335.7
115200;338.7
115300;344.5
115400;354.0
115500;349.4
115600;356.1
115700;358.6
115800;358.5
115900;362.3
116000;366.1
116100;364.0
116200;360.5
116300;356.5
116400;359.9
116500;360.1
116600;366.5
116700;371.9
116800;370.4
116900;367.0
117000;365.5
117100;363.9
117200;359.8
117300;358.3
117400;358.8
117500;357.5
117600;355.2
117700;353.8
117800;352.5
117900;350.6
118000;350.0
118100;350.0
118200;351.6
118300;354.3
118400;351.3
118500;347.0
118600;350.0
118700;353.1
118800;356.9
118900;358.7
119000;359.3
119100;362.2
119200;364.7
119300;366.3
119400;375.4
119500;385.3
119600;395.0
119700;405.7
119800;421.2
119900;437.1
120000;452.3
120100;464.3
120200;475.0
120300;485.1
120400;495.8
120500;507.1
120600;513.9
120700;519.0
120800;532.1
120900;545.0
121000;552.7
121100;565.7
121200;580.1
121300;581.4
121400;582.9
121500;589.8
121600;597.1
121700;604.3
121800;607.0
121900;624.1
122000;646.1
122100;666.1
122200;677.4
122300;682.3
122400;683.4
122500;686.1
122600;688.9
122700;692.5
122800;698.8
122900;704.0
123000;695.1
123100;696.0
123200;689.5
123300;698.4
123400;696.3
123500;689.9
123600;685.5
123700;669.1
123800;652.5
123900;640.9
124000;629.7
124100;615.3
124200;601.0
124300;593.4
124400;590.9
124500;580.8
124600;574.9
124700;568.0
124800;572.9
124900;579.7
125000;585.3
125100;578.0
125200;566.4
125300;562.4
125400;556.0
125500;552.1
125600;541.9
125700;536.7
125800;531.3
125900;527.0
126000;527.0
126100;516.3
126200;509.0
126300;506.2
126400;510.4
126500;511.2
126600;511.8
126700;514.8
126800;517.0
126900;518.4
127000;520.3
127100;521.4
127200;521.9
127300;527.7
127400;535.0
127500;537.0
127600;535.7
127700;531.0
127800;526.8
127900;521.4
128000;522.0
128100;523.2
128200;525.7
128300;531.7
128400;541.4
128500;552.1
128600;562.4
128700;567.9
128800;568.9
128900;572.2
129000;578.9
129100;586.0
129200;585.2
129300;585.6
129400;586.2
129500;592.9
129600;605.5
129700;612.9
129800;613.3
129900;607.4
130000;607.5
130100;607.5
130200;602.1
130300;600.0
130400;598.0
130500;596.8
130600;597.4
130700;598.4
130800;599.6
130900;596.5
131000;594.0
131100;594.5
131200;599.5
131300;608.5
131400;609.7
131500;613.5
131600;616.7
131700;621.0
131800;619.8
131900;615.1
132000;609.6
132100;594.9
132200;589.5
132300;587.5
132400;586.2
132500;587.0
132600;583.5
132700;577.2
132800;580.4
132900;576.5
133000;570.2
133100;562.4
133200;549.7
133300;539.6
133400;533.8
133500;518.4
133600;488.2
133700;468.9
133800;463.1
133900;441.0
134000;446.7
134100;453.8
134200;458.3
134300;459.0
134400;455.7
134500;447.7
134600;450.8
134700;454.6
134800;448.7
134900;453.1
135000;459.4
135100;470.3
135200;481.6
135300;487.1
135400;494.4
135500;505.0
135600;512.7
135700;516.2
135800;515.7
135900;513.9
136000;513.0
136100;505.0
136200;504.6
136300;503.9
136400;503.0
136500;502.0
136600;504.1
136700;506.3
136800;507.0
136900;509.7
137000;512.2
137100;513.0
137200;513.0
137300;513.0
137400;511.7
137500;511.0
137600;513.0
137700;514.5
137800;515.8
137900;519.3
138000;522.8
138100;524.2
138200;524.4
138300;523.1
138400;524.0
138500;524.0
138600;524.1
138700;519.6
138800;516.2
138900;512.6
139000;508.3
139100;511.9
139200;515.4
139300;518.1
139400;522.6
139500;518.0
139600;511.0
139700;509.6
139800;504.5
139900;491.8
140000;485.7
140100;473.2
140200;464.8
140300;456.3
140400;455.3
140500;460.2
140600;471.5
140700;474.6
140800;478.4
140900;481.6
141000;487.5
141100;507.2
141200;522.9
141300;533.0
141400;539.1
141500;541.8
141600;544.8
141700;542.9
141800;542.3
141900;546.6
142000;551.0
142100;554.7
142200;556.0
142300;555.0
142400;552.4
142500;547.8
142600;543.8
142700;540.0
142800;541.7
142900;543.3
143000;548.1
143100;553.9
143200;566.6
143300;583.1
143400;592.0
143500;591.0
143600;582.1
143700;570.0
143800;565.7
143900;559.1
144000;553.5
144100;552.8
144200;544.1
144300;533.1
144400;521.2
144500;520.8
144600;523.6
144700;524.7
144800;518.3
144900;525.1
145000;516.1
145100;498.5
145200;491.8
145300;490.5
145400;491.9
145500;491.9
145600;490.5
145700;489.0
145800;487.1
145900;482.5
146000;478.0
146100;478.1
146200;478.7
146300;478.6
146400;478.2
146500;478.8
146600;480.1
146700;481.8
146800;482.9
146900;484.8
147000;486.3
147100;482.4
147200;478.8
147300;473.1
147400;473.0
147500;473.6
147600;473.2
147700;472.7
147800;470.5
147900;470.7
148000;475.5
148100;479.4
148200;482.7
148300;486.0
148400;486.8
148500;486.4
148600;486.1
148700;484.2
148800;481.8
148900;479.4
149000;477.1
149100;474.7
149200;472.3
149300;471.6
149400;471.3
149500;467.8
149600;464.0
149700;462.5
149800;462.0
149900;462.0
150000;460.5
150100;459.9
150200;457.0
150300;453.7
150400;449.5
150500;445.1
150600;442.1
150700;439.7
150800;439.7
150900;439.9
151000;441.0
151100;442.0
151200;438.5
151300;440.4
151400;443.3
151500;446.2
151600;449.1
151700;452.0
151800;454.8
151900;457.7
152000;460.6
152100;463.5
152200;463.1
152300;459.2
152400;460.9
152500;461.9
152600;464.1
152700;465.9
152800;467.7
152900;467.0
153000;469.1
153100;472.0
153200;475.4
153300;476.5
153400;476.0
153500;477.6
153600;479.7
153700;481.9
153800;481.9
153900;479.9
154000;479.4
154100;478.9
154200;478.4
154300;478.3
154400;480.9
154500;483.5
154600;484.0
154700;484.1
154800;484.9
154900;485.8
155000;486.0
155100;485.9
155200;485.3
155300;484.7
155400;484.1
155500;484.0
155600;484.0
155700;484.0
155800;484.0
155900;484.0
156000;484.0
156100;484.0
156200;484.0
156300;484.0
156400;484.0
156500;484.0
156600;484.0
156700;484.0
156800;484.0
156900;484.1
157000;487.6
157100;490.7
157200;493.9
157300;497.0
157400;500.2
157500;503.3
157600;506.4
157700;509.2
157800;513.5
157900;516.7
158000;516.2
158100;521.9
158200;524.2
158300;524.6
158400;518.6
158500;518.5
158600;516.5
158700;513.1
158800;508.2
158900;509.1
159000;510.0
159100;508.3
159200;507.6
159300;504.0
159400;501.3
159500;501.0
159600;501.7
159700;504.9
159800;507.8
159900;511.4
160000;514.0
160100;514.7
160200;516.0
160300;517.4
160400;518.8
160500;519.3
160600;519.7
160700;520.2
160800;521.8
160900;525.9
161000;529.0
161100;525.8
161200;521.7
161300;519.1
161400;522.5
161500;526.7
161600;524.8
161700;524.4
161800;523.0
161900;518.2
162000;514.0
162100;514.2
162200;514.4
162300;514.7
162400;515.0
162500;517.5
162600;518.4
162700;521.2
162800;519.1
162900;519.0
163000;521.0
163100;523.4
163200;521.8
163300;524.3
163400;525.0
163500;525.6
163600;523.0
163700;521.8
163800;520.3
163900;517.5
164000;518.0
164100;518.0
164200;516.6
164300;514.9
164400;513.0
164500;512.0
164600;511.9
164700;510.7
164800;511.6
164900;514.1
165000;515.0
165100;515.5
165200;516.3
165300;517.0
165400;517.8
165500;520.0
165600;522.0
165700;523.3
165800;523.1
165900;521.0
166000;521.0
166100;520.1
166200;521.6
166300;522.7
166400;523.1
166500;526.9
166600;527.2
166700;529.0
166800;528.2
166900;529.1
167000;528.4
167100;524.3
167200;525.1
167300;526.6
167400;528.2
167500;528.1
167600;527.5
167700;527.0
167800;531.0
167900;529.3
168000;528.1
168100;526.2
168200;524.4
168300;523.0
168400;522.3
168500;522.0
168600;522.0
168700;520.1
168800;522.0
168900;522.0
169000;522.6
169100;523.9
169200;525.0
169300;525.9
169400;526.0
169500;526.5
169600;527.9
169700;528.3
169800;526.1
169900;524.3
170000;523.9
170100;523.5
170200;523.0
170300;525.7
170400;528.6
170500;531.3
170600;534.0
170700;534.1
170800;532.4
170900;533.0
171000;534.0
171100;533.3
171200;532.9
171300;532.5
171400;532.2
171500;531.9
171600;531.6
171700;531.3
171800;530.9
171900;529.9
172000;528.8
172100;527.7
172200;527.5
172300;528.0
172400;528.0
172500;528.0
172600;529.9
172700;531.0
172800;531.5
172900;533.2
173000;531.2
173100;527.0
173200;527.0
173300;528.3
173400;530.0
173500;527.9
173600;525.6
173700;526.9
173800;527.8
173900;528.3
174000;528.8
174100;529.8
174200;531.6
174300;531.4
174400;530.5
174500;529.4
174600;527.8
174700;526.5
174800;525.5
174900;525.4
175000;526.0
175100;526.0
175200;525.4
175300;525.0
175400;525.0
175500;526.7
175600;528.0
175700;527.4
175800;526.2
175900;526.5
176000;527.1
176100;527.6
176200;528.8
176300;532.0
176400;534.1
176500;537.2
176600;538.0
176700;538.0
176800;537.1
176900;539.5
177000;540.0
177100;540.9
177200;544.1
177300;547.1
177400;550.2
177500;551.4
177600;550.1
177700;541.2
177800;540.7
177900;540.1
178000;540.0
178100;541.3
178200;543.0
178300;543.4
178400;546.4
178500;549.5
178600;551.2
178700;552.7
178800;554.3
178900;554.6
179000;553.9
179100;553.2
179200;552.5
179300;553.0
179400;556.2
179500;557.8
179600;559.4
179700;558.1
179800;555.6
179900;552.4
180000;549.7
180100;551.7
180200;554.5
180300;555.7
180400;555.1
180500;556.0
180600;555.4
180700;555.2
180800;557.9
180900;556.8
181000;556.2
181100;555.6
181200;555.0
181300;556.9
181400;558.0
181500;558.0
181600;556.0
181700;557.3
181800;560.4
181900;561.1
182000;561.5
182100;562.0
182200;562.0
182300;559.8
182400;562.3
182500;564.5
182600;566.1
182700;567.1
182800;568.0
182900;568.0
183000;567.3
183100;566.5
183200;569.1
183300;573.5
183400;574.5
183500;575.0
183600;575.8
183700;576.0
183800;576.6
183900;576.5
184000;578.4
184100;580.4
184200;581.9
184300;575.6
184400;576.7
184500;575.6
184600;572.0
184700;572.9
184800;571.0
184900;571.3
185000;571.7
185100;572.1
185200;573.9
185300;575.8
185400;574.0
185500;571.9
185600;572.1
185700;574.0
185800;576.1
185900;578.6
186000;579.5
186100;578.3
186200;571.4
186300;573.1
186400;580.8
186500;585.1
186600;591.5
186700;600.8
186800;601.0
186900;601.3
187000;601.2
187100;600.0
187200;601.5
187300;602.5
187400;603.1
187500;603.8
187600;604.5
187700;605.2
187800;605.9
187900;606.6
188000;606.1
188100;604.1
188200;602.1
188300;600.0
188400;598.0
188500;596.0
188600;595.0
188700;594.1
188800;595.7
188900;597.4
189000;601.2
189100;605.3
189200;605.3
189300;603.4
189400;600.6
189500;597.8
189600;596.0
189700;593.8
189800;592.0
189900;592.1
190000;594.6
190100;596.7
190200;597.5
190300;598.1
190400;598.7
190500;601.6
190600;607.3
190700;607.2
190800;603.9
190900;602.7
191000;608.9
191100;611.2
191200;597.7
191300;584.0
191400;567.2
191500;557.9
191600;553.3
191700;543.0
191800;534.7
191900;525.9
192000;507.1
192100;491.3
192200;483.0
192300;479.8
192400;476.5
192500;471.3
192600;466.1
192700;462.2
192800;460.6
192900;459.1
193000;456.0
193100;453.8
193200;449.4
193300;445.3
193400;441.3
193500;435.6
193600;417.0
193700;404.7
193800;388.5
193900;373.1
194000;362.9
194100;351.4
194200;334.2
194300;324.4
194400;316.7
194500;313.0
194600;309.2
194700;305.9
194800;303.0
194900;299.6
195000;297.8
195100;295.1
195200;293.3
195300;292.1
195400;294.9
195500;298.2
195600;303.0
195700;301.2
195800;298.2
195900;296.1
196000;297.0
196100;293.0
196200;288.3
196300;284.0
196400;284.0
196500;287.6
196600;289.0
196700;291.6
196800;293.6
196900;296.8
197000;301.0
197100;303.0
197200;309.1
197300;309.0
197400;308.3
197500;307.0
197600;307.0
197700;310.4
197800;312.5
197900;314.0
198000;321.3
198100;327.9
198200;335.2
198300;344.0
198400;349.0
198500;350.4
198600;352.1
198700;357.6
198800;358.8
198900;357.5
199000;354.7
199100;352.4
199200;356.3
199300;362.2
199400;364.4
199500;367.2
199600;374.4
199700;379.0
199800;381.0
199900;382.9
200000;375.6
200100;368.7
200200;364.3
200300;360.0
200400;349.5
200500;335.8
200600;324.0
200700;317.9
200800;318.3
200900;320.3
201000;322.0
201100;322.0
201200;319.1
201300;312.0
201400;307.3
201500;302.0
201600;303.8
201700;304.8
201800;304.0
201900;303.2
202000;300.0
202100;295.7
202200;297.0
202300;298.4
202400;297.0
202500;293.9
202600;289.1
202700;282.4
202800;277.6
202900;274.7
203000;274.7
203100;279.2
203200;282.5
203300;279.7
203400;277.0
203500;273.5
203600;273.3
203700;275.4
203800;275.2
203900;273.9
204000;272.7
204100;271.5
204200;270.3
204300;269.1
204400;264.7
204500;262.6
204600;265.6
204700;269.3
204800;278.0
204900;284.6
205000;288.1
205100;288.9
205200;288.7
205300;288.0
205400;287.3
205500;288.9
205600;292.0
205700;292.0
205800;292.7
205900;293.4
206000;293.9
206100;290.6
206200;287.4
206300;284.2
206400;280.9
206500;277.5
206600;274.0
206700;270.4
206800;272.3
206900;272.9
207000;272.3
207100;270.6
207200;268.8
207300;268.3
207400;268.7
207500;271.2
207600;275.0
207700;274.7
207800;274.4
207900;274.2
208000;273.2
208100;270.6
208200;268.0
208300;266.1
208400;264.6
208500;263.1
208600;261.7
208700;259.6
208800;257.2
208900;253.6
209000;249.3
209100;244.2
209200;241.8
209300;241.6
209400;239.3
209500;235.0
209600;233.5
209700;232.1
209800;230.6
209900;229.1
210000;229.4
210100;229.8
210200;230.2
210300;230.6
210400;231.0
210500;231.4
210600;231.8
210700;231.9
210800;231.6
210900;231.3
211000;231.0
211100;231.3
211200;231.6
211300;231.9
211400;232.0
211500;234.0
211600;233.7
211700;233.4
211800;233.1
211900;232.4
212000;231.0
212100;231.0
212200;231.1
212300;231.4
212400;231.6
212500;231.8
212600;233.0
212700;234.5
212800;233.9
212900;232.1
213000;231.0
213100;231.9
213200;232.3
213300;232.6
213400;233.0
213500;234.0
213600;232.9
213700;232.0
213800;232.8
213900;234.8
214000;238.2
214100;245.1
214200;252.2
214300;258.9
214400;266.1
214500;270.6
214600;272.5
214700;273.3
214800;273.1
214900;265.8
215000;261.2
215100;255.6
215200;255.4
215300;257.9
215400;260.6
215500;264.7
215600;267.0
215700;263.2
215800;260.4
215900;257.6
216000;259.0
216100;259.0
216200;255.3
216300;250.2
216400;247.7
216500;245.2
216600;243.4
216700;242.3
216800;241.0
216900;238.9
217000;237.5
217100;237.4
217200;238.0
217300;237.6
217400;238.8
217500;239.6
217600;244.0
217700;248.0
217800;249.5
217900;251.4
218000;253.4
218100;255.4
218200;256.6
218300;257.8
218400;258.0
218500;256.7
218600;255.0
218700;253.4
218800;251.6
218900;249.9
219000;248.8
219100;247.3
219200;247.8
219300;248.7
219400;249.7
219500;250.0
219600;252.7
219700;258.1
219800;262.5
219900;265.7
220000;271.7
220100;279.3
220200;285.3
220300;289.5
220400;293.7
220500;299.3
220600;303.8
220700;305.8
220800;309.4
220900;315.7
221000;319.4
221100;323.8
221200;322.6
221300;322.0
221400;319.6
221500;317.0
221600;316.8
221700;314.9
221800;314.0
221900;310.2
222000;311.2
222100;308.3
222200;302.8
222300;297.9
222400;296.3
222500;294.1
222600;292.9
222700;294.0
222800;297.0
222900;297.3
223000;304.3
223100;316.8
223200;332.5
223300;331.2
223400;338.2
223500;350.1
223600;366.2
223700;381.4
223800;393.3
223900;399.0
224000;396.5
224100;407.6
224200;416.6
224300;432.6
224400;436.0
224500;441.1
224600;452.1
224700;459.4
224800;461.7
224900;457.4
225000;453.3
225100;454.6
225200;456.7
225300;459.1
225400;460.9
225500;457.5
225600;442.9
225700;432.0
225800;420.6
225900;405.4
226000;396.8
226100;391.1
226200;384.7
226300;381.4
226400;379.1
226500;379.8
226600;378.1
226700;375.4
226800;371.9
226900;366.0
227000;364.8
227100;353.8
227200;361.8
227300;370.9
227400;378.5
227500;385.0
227600;382.4
227700;380.1
227800;389.1
227900;400.3
228000;409.0
228100;412.0
228200;407.4
228300;406.0
228400;405.0
228500;408.0
228600;410.3
228700;403.7
228800;399.0
228900;392.8
229000;385.7
229100;378.9
229200;372.2
229300;365.5
229400;361.2
229500;357.4
229600;356.5
229700;355.0
229800;355.0
229900;351.9
230000;343.8
230100;337.0
230200;330.8
230300;324.1
230400;324.7
230500;321.8
230600;316.5
230700;312.1
230800;308.6
230900;309.7
231000;313.3
231100;314.6
231200;309.4
231300;301.2
231400;293.0
231500;285.0
231600;279.0
231700;267.9
231800;261.3
231900;248.9
232000;242.3
232100;237.9
232200;235.0
232300;236.9
232400;238.7
232500;241.9
232600;246.4
232700;248.9
232800;251.7
232900;255.8
233000;261.6
233100;266.3
233200;268.6
233300;272.7
233400;278.7
233500;283.0
233600;291.2
233700;298.8
233800;304.0
233900;307.3
234000;316.3
234100;321.9
234200;320.4
234300;318.7
234400;314.8
234500;316.0
234600;312.0
234700;310.0
234800;296.2
234900;288.2
235000;282.5
235100;260.3
235200;250.9
235300;248.0
235400;248.0
235500;245.4
235600;242.7
235700;237.1
235800;239.1
235900;236.7
236000;234.4
236100;231.9
236200;228.9
236300;226.9
236400;226.0
236500;226.8
236600;227.0
236700;227.0
236800;227.9
236900;228.8
237000;227.9
237100;226.5
237200;226.3
237300;226.8
237400;227.7
237500;229.1
237600;231.5
237700;233.9
237800;235.7
237900;237.2
238000;238.6
238100;244.3
238200;249.2
238300;251.4
238400;247.8
238500;239.4
238600;230.6
238700;228.1
238800;228.4
238900;229.9
239000;229.5
239100;229.1
239200;230.0
239300;230.6
239400;231.2
239500;231.8
239600;232.5
239700;233.1
239800;233.7
239900;238.6
240000;242.3
240100;246.1
240200;249.9
240300;253.6
240400;257.4
240500;259.6
240600;260.0
240700;259.4
240800;255.1
240900;247.0
241000;241.7
241100;237.7
241200;236.1
241300;235.0
241400;234.5
241500;245.0
241600;259.5
241700;268.0
241800;271.9
241900;274.9
242000;291.2
242100;310.8
242200;313.4
242300;334.0
242400;348.7
242500;351.0
242600;352.6
242700;357.2
242800;359.7
242900;361.9
243000;366.9
243100;374.7
243200;376.4
243300;385.1
243400;390.3
243500;391.9
243600;380.8
243700;371.9
243800;364.9
243900;355.4
244000;350.6
244100;347.3
244200;343.1
244300;338.9
244400;337.5
244500;338.0
244600;336.0
244700;331.2
244800;327.5
244900;328.5
245000;320.3
245100;308.1
245200;298.1
245300;289.5
245400;280.8
245500;272.2
245600;265.6
245700;262.3
245800;260.7
245900;262.6
246000;261.4
246100;260.7
246200;277.8
246300;304.5
246400;313.8
246500;314.3
246600;313.2
246700;316.7
246800;321.2
246900;325.5
247000;330.8
247100;336.1
247200;339.9
247300;344.5
247400;349.8
247500;356.0
247600;358.0
247700;356.6
247800;360.4
247900;362.3
248000;364.0
248100;365.2
248200;368.0
248300;368.0
248400;367.3
248500;366.3
248600;368.6
248700;371.8
248800;376.1
248900;385.7
249000;396.4
249100;402.7
249200;414.5
249300;424.6
249400;433.2
249500;441.6
249600;448.0
249700;449.7
249800;451.4
249900;458.4
250000;467.2
250100;473.0
250200;472.1
250300;461.4
250400;455.8
250500;452.2
250600;446.7
250700;446.0
250800;448.1
250900;450.6
251000;453.5
251100;460.4
251200;459.0
251300;459.9
251400;463.3
251500;464.7
251600;468.4
251700;469.1
251800;468.5
251900;467.4
252000;471.0
252100;466.4
252200;458.5
252300;447.9
252400;444.0
252500;441.0
252600;441.5
252700;444.1
252800;445.9
252900;444.6
253000;443.3
253100;442.0
253200;440.3
253300;439.9
253400;442.3
253500;446.0
253600;446.7
253700;447.0
253800;450.1
253900;454.4
254000;457.1
254100;462.0
254200;464.1
254300;473.3
254400;482.3
254500;482.6
254600;480.0
254700;481.7
254800;481.3
254900;480.4
255000;478.6
255100;476.7
255200;476.0
255300;473.2
255400;470.0
255500;467.4
255600;474.6
255700;479.7
255800;483.5
255900;480.9
256000;473.1
256100;462.7
256200;452.0
256300;441.4
256400;439.4
256500;429.0
256600;446.7
256700;446.0
256800;443.1
256900;441.0
257000;429.9
257100;423.4
257200;442.4
257300;451.5
257400;443.1
257500;443.9
257600;450.8
257700;448.1
257800;430.6
257900;422.0
258000;416.4
258100;419.7
258200;423.3
258300;424.3
258400;423.0
258500;425.5
258600;426.4
258700;429.0
258800;433.3
258900;431.8
259000;431.7
259100;436.5
259200;438.6
259300;442.3
259400;455.0
259500;455.2
259600;463.1
259700;464.4
259800;472.3
259900;479.6
260000;483.7
260100;489.3
260200;489.9
260300;489.1
260400;493.2
260500;504.9
260600;512.7
260700;506.0
260800;501.0
260900;497.9
261000;494.9
261100;491.1
261200;483.0
261300;474.4
261400;467.5
261500;457.1
261600;446.7
261700;441.0
261800;436.3
261900;430.4
262000;431.9
262100;430.0
262200;428.6
262300;435.1
262400;438.5
262500;431.9
262600;421.1
262700;412.5
262800;411.8
262900;416.4
263000;421.6
263100;426.8
263200;428.3
263300;428.7
263400;430.6
263500;438.0
263600;442.3
263700;446.3
263800;453.6
263900;456.9
264000;458.0
264100;461.7
264200;474.1
264300;485.2
264400;490.8
264500;488.0
264600;472.1
264700;456.5
264800;443.5
264900;437.4
265000;429.6
265100;431.5
265200;434.9
265300;440.6
265400;463.3
265500;482.2
265600;490.8
265700;505.4
265800;511.6
265900;519.9
266000;523.0
266100;524.9
266200;525.0
266300;532.9
266400;532.5
266500;530.5
266600;531.8
266700;530.6
266800;527.3
266900;522.1
267000;519.9
267100;523.9
267200;534.4
267300;545.4
267400;556.4
267500;563.3
267600;562.5
267700;558.1
267800;553.5
267900;553.4
268000;554.0
268100;552.6
268200;550.4
268300;554.3
268400;561.8
268500;559.4
268600;555.8
268700;549.4
268800;546.0
268900;540.3
269000;535.3
269100;531.9
269200;526.8
269300;520.9
269400;515.1
269500;509.9
269600;504.6
269700;499.2
269800;493.8
269900;488.2
270000;475.1
270100;472.6
270200;476.2
270300;474.7
270400;469.4
270500;476.2
270600;478.6
270700;478.0
270800;478.0
270900;476.3
271000;483.7
271100;489.2
271200;493.1
271300;500.2
271400;509.4
271500;525.6
271600;542.6
271700;548.2
271800;564.0
271900;577.8
272000;583.7
272100;577.7
272200;579.0
272300;578.7
272400;574.5
272500;568.7
272600;564.4
272700;559.5
272800;555.7
272900;551.6
273000;548.3
273100;546.0
273200;542.6
273300;549.2
273400;558.3
273500;553.5
273600;554.0
273700;553.6
273800;552.3
273900;552.9
274000;554.1
274100;554.0
274200;556.3
274300;559.8
274400;564.1
274500;565.0
274600;564.8
274700;567.6
274800;562.0
274900;559.4
275000;563.7
275100;564.0
275200;564.3
275300;560.2
275400;560.6
275500;562.5
275600;567.7
275700;569.3
275800;570.9
275900;572.6
276000;583.2
276100;591.0
276200;590.6
276300;588.7
276400;588.0
276500;587.2
276600;586.3
276700;582.3
276800;573.5
276900;557.1
277000;542.0
277100;532.5
277200;519.9
277300;505.7
277400;498.6
277500;502.2
277600;499.0
277700;494.1
277800;492.0
277900;491.7
278000;493.4
278100;501.0
278200;501.0
278300;505.2
278400;509.7
278500;515.7
278600;525.3
278700;535.4
278800;538.3
278900;533.1
279000;543.1
279100;548.5
279200;551.3
279300;547.8
279400;552.7
279500;552.4
279600;537.9
279700;529.8
279800;514.2
279900;491.9
280000;472.1
280100;455.7
280200;456.4
280300;450.5
280400;454.7
280500;451.9
280600;431.8
280700;447.6
280800;423.2
280900;397.3
281000;373.6
281100;368.4
281200;361.7
281300;358.0
281400;358.3
281500;364.8
281600;380.2
281700;390.8
281800;414.0
281900;417.9
282000;416.2
282100;421.5
282200;420.7
282300;419.8
282400;424.5
282500;429.7
282600;431.5
282700;424.5
282800;414.5
282900;419.2
283000;416.0
283100;410.9
283200;387.5
283300;383.3
283400;370.5
283500;352.0
283600;326.6
283700;305.0
283800;296.9
283900;288.9
284000;283.6
284100;275.0
284200;282.0
284300;293.3
284400;298.7
284500;304.0
284600;309.7
284700;318.9
284800;325.4
284900;333.8
285000;341.5
285100;347.5
285200;352.2
285300;359.7
285400;372.6
285500;394.3
285600;416.8
285700;434.5
285800;435.3
285900;419.9
286000;435.2
286100;447.3
286200;465.5
286300;495.1
286400;496.1
286500;497.5
286600;495.1
286700;484.2
286800;479.4
286900;468.4
287000;455.2
287100;443.9
287200;435.6
287300;428.4
287400;429.3
287500;427.7
287600;417.4
287700;401.9
287800;380.3
287900;390.7
288000;401.2
288100;409.6
288200;416.4
288300;422.3
288400;417.7
288500;411.7
288600;408.0
288700;405.3
288800;406.2
288900;407.6
289000;410.1
289100;407.6
289200;399.3
289300;391.0
289400;382.8
289500;379.5
289600;383.2
289700;386.8
289800;390.9
289900;399.1
290000;407.2
290100;415.4
290200;425.7
290300;435.9
290400;446.2
290500;456.4
290600;457.1
290700;449.1
290800;432.5
290900;417.3
291000;397.1
291100;380.9
291200;350.3
291300;322.4
291400;300.9
291500;280.3
291600;272.9
291700;270.2
291800;273.5
291900;276.1
292000;277.5
292100;278.0
292200;278.7
292300;277.1
292400;275.0
292500;274.4
292600;277.8
292700;280.0
292800;284.6
292900;293.5
293000;308.5
293100;326.7
293200;344.3
293300;358.5
293400;364.6
293500;370.0
293600;373.8
293700;372.9
293800;372.3
293900;372.8
294000;378.0
294100;383.9
294200;387.8
294300;381.6
294400;378.1
294500;377.3
294600;377.9
294700;378.6
294800;385.3
294900;394.0
295000;404.7
295100;415.8
295200;426.1
295300;436.3
295400;437.0
295500;434.2
295600;422.4
295700;416.8
295800;415.0
295900;415.0
296000;414.0
296100;413.0
296200;409.4
296300;404.0
296400;393.4
296500;387.5
296600;383.0
296700;380.8
296800;373.0
296900;366.9
297000;358.5
297100;364.5
297200;370.8
297300;374.8
297400;387.1
297500;398.6
297600;407.6
297700;406.4
297800;407.3
297900;406.9
298000;406.0
298100;403.7
298200;405.5
298300;407.8
298400;407.4
298500;405.9
298600;403.8
298700;408.0
298800;411.0
298900;410.1
299000;409.0
299100;409.5
299200;409.9
299300;410.7
299400;412.8
299500;412.0
299600;411.0
299700;409.9
299800;408.9
299900;407.9
300000;406.8
300100;405.8
300200;404.7
300300;403.7
300400;403.0
300500;403.3
300600;403.8
300700;403.0
300800;400.6
300900;399.8
301000;396.9
301100;396.4
301200;396.9
301300;396.0
301400;396.0
301500;395.4
301600;394.4
301700;398.5
301800;401.9
301900;400.3
302000;395.2
302100;388.3
302200;381.5
302300;376.4
302400;373.0
302500;373.0
302600;373.6
302700;374.0
302800;375.0
302900;376.0
303000;378.0
303100;376.8
303200;374.8
303300;374.0
303400;373.0
303500;371.8
303600;367.7
303700;363.6
303800;357.0
303900;346.0
304000;343.8
304100;341.0
304200;349.6
304300;347.4
304400;345.2
304500;344.5
304600;342.9
304700;338.1
304800;332.3
304900;325.9
305000;325.7
305100;330.8
305200;329.8
305300;328.2
305400;325.7
305500;324.1
305600;324.9
305700;325.9
305800;331.1
305900;335.6
306000;341.5
306100;348.2
306200;356.4
306300;364.6
306400;366.9
306500;368.9
306600;371.0
306700;367.8
306800;366.0
306900;365.1
307000;360.3
307100;353.1
307200;347.0
307300;346.2
307400;347.0
307500;347.0
307600;345.6
307700;342.3
307800;343.7
307900;345.5
308000;348.4
308100;355.4
308200;363.6
308300;370.8
308400;374.4
308500;377.4
308600;380.0
308700;382.7
308800;383.6
308900;383.0
309000;382.4
309100;382.2
309200;382.8
309300;383.3
309400;383.9
309500;384.7
309600;386.1
309700;387.6
309800;389.3
309900;393.2
310000;397.5
310100;401.0
310200;401.0
310300;403.8
310400;402.7
310500;403.6
310600;403.9
310700;406.7
310800;412.4
310900;420.3
311000;428.9
311100;437.4
311200;445.5
311300;454.3
311400;463.7
311500;468.8
311600;472.2
311700;473.6
311800;468.4
311900;461.7
312000;452.6
312100;445.4
312200;438.2
312300;425.5
312400;406.3
312500;393.6
312600;381.0
312700;369.5
312800;363.7
312900;361.0
313000;359.3
313100;351.0
313200;343.2
313300;340.0
313400;337.2
313500;336.0
313600;331.6
313700;327.2
313800;325.3
313900;322.6
314000;320.2
314100;323.5
314200;327.3
314300;330.2
314400;336.0
314500;335.4
314600;335.0
314700;336.6
314800;334.4
314900;332.0
315000;329.7
315100;326.2
315200;327.8
315300;328.4
315400;325.5
315500;327.9
315600;337.0
315700;343.2
315800;345.2
315900;346.0
316000;346.5
316100;350.0
316200;354.0
316300;356.1
316400;356.7
316500;355.4
316600;352.3
316700;349.3
316800;348.0
316900;350.0
317000;354.3
317100;361.4
317200;365.9
317300;370.5
317400;374.7
317500;378.5
317600;381.2
317700;380.6
317800;377.7
317900;370.4
318000;364.4
318100;357.0
318200;349.2
318300;342.0
318400;343.0
318500;350.5
318600;355.3
318700;362.9
318800;368.5
318900;373.1
319000;370.2
319100;368.3
319200;366.7
319300;365.3
319400;362.8
319500;355.9
319600;346.5
319700;339.6
319800;339.7
319900;340.5
320000;340.2
320100;337.3
320200;333.4
320300;329.0
320400;327.1
320500;325.0
320600;323.0
320700;323.4
320800;329.1
320900;333.1
321000;337.5
321100;340.7
321200;343.9
321300;345.0
321400;345.0
321500;346.5
321600;349.0
321700;351.0
321800;353.0
321900;355.6
322000;359.2
322100;363.4
322200;364.9
322300;368.3
322400;370.4
322500;369.9
322600;367.8
322700;365.7
322800;365.0
322900;365.0
323000;365.0
323100;366.3
323200;366.2
323300;363.9
323400;363.5
323500;363.1
323600;370.9
323700;383.6
323800;391.5
323900;398.7
324000;404.3
324100;409.5
324200;414.8
324300;420.0
324400;425.2
324500;431.5
324600;436.2
324700;441.1
324800;433.3
324900;420.3
325000;410.1
325100;399.9
325200;391.3
325300;385.9
325400;385.4
325500;384.6
325600;382.4
325700;380.5
325800;378.8
325900;377.1
326000;377.7
326100;374.5
326200;376.0
326300;376.0
326400;377.4
326500;375.3
326600;371.1
326700;372.3
326800;375.9
326900;379.5
327000;384.6
327100;390.5
327200;392.6
327300;393.3
327400;392.5
327500;390.0
327600;388.7
327700;392.2
327800;395.9
327900;400.0
328000;404.0
328100;403.6
328200;400.7
328300;399.2
328400;401.3
328500;405.9
328600;412.8
328700;419.1
328800;420.3
328900;416.3
329000;402.8
329100;395.0
329200;392.2
329300;388.0
329400;388.0
329500;388.6
329600;387.0
329700;388.9
329800;391.1
329900;393.2
330000;395.2
330100;397.3
330200;394.4
330300;396.2
330400;401.9
330500;405.1
330600;408.6
330700;412.4
330800;416.6
330900;420.6
331000;419.0
331100;423.0
331200;427.2
331300;431.4
331400;435.7
331500;438.6
331600;437.3
331700;434.3
331800;435.4
331900;431.5
332000;424.7
332100;412.0
332200;395.2
332300;383.9
332400;375.8
332500;374.2
332600;372.6
332700;371.1
332800;359.0
332900;355.4
333000;356.0
333100;357.2
333200;356.7
333300;353.8
333400;353.4
333500;353.0
333600;347.3
333700;345.3
333800;348.3
333900;347.2
334000;347.5
334100;351.1
334200;352.7
334300;353.5
334400;353.4
334500;352.2
334600;351.0
334700;347.6
334800;344.6
334900;348.1
335000;352.7
335100;351.6
335200;350.0
335300;350.4
335400;355.0
335500;356.7
335600;355.4
335700;354.0
335800;352.6
335900;351.3
336000;349.9
336100;348.5
336200;348.5
336300;349.6
336400;350.4
336500;354.2
336600;356.8
336700;355.6
336800;348.6
336900;340.2
337000;335.6
337100;335.3
337200;336.4
337300;334.7
337400;333.0
337500;334.5
337600;334.3
337700;333.7
337800;335.4
337900;342.1
338000;346.0
338100;352.0
338200;355.9
338300;362.5
338400;370.3
338500;378.8
338600;391.7
338700;405.4
338800;421.4
338900;446.7
339000;477.1
339100;483.9
339200;488.7
339300;493.2
339400;498.8
339500;497.2
339600;495.7
339700;493.3
339800;485.5
339900;480.6
340000;475.7
340100;470.9
340200;468.1
340300;460.1
340400;451.9
340500;444.9
340600;427.1
340700;400.7
340800;385.6
340900;383.5
341000;378.5
341100;374.2
341200;371.9
341300;367.3
341400;367.0
341500;366.4
341600;364.6
341700;362.8
341800;361.1
341900;371.4
342000;379.2
342100;384.8
342200;386.1
342300;377.3
342400;371.7
342500;370.0
342600;371.6
342700;372.0
342800;369.1
342900;370.4
343000;372.7
343100;376.2
343200;378.4
343300;380.2
343400;380.6
343500;375.7
343600;374.0
343700;375.0
343800;375.8
343900;377.4
344000;379.2
344100;381.1
344200;381.9
344300;382.7
344400;383.5
344500;384.3
344600;384.6
344700;382.5
344800;384.5
344900;386.8
345000;387.0
345100;387.0
345200;387.0
345300;394.1
345400;403.5
345500;418.5
345600;439.2
345700;446.9
345800;452.1
345900;459.9
346000;465.4
346100;462.0
346200;459.1
346300;456.5
346400;453.6
346500;448.9
346600;438.6
346700;430.2
346800;423.7
346900;408.7
347000;393.3
347100;380.5
347200;376.9
347300;366.6
347400;358.7
347500;361.2
347600;366.0
347700;371.3
347800;374.6
347900;373.3
348000;369.0
348100;365.4
348200;367.9
348300;370.5
348400;373.1
348500;373.3
348600;370.6
348700;368.1
348800;367.0
348900;367.0
349000;365.2
349100;365.5
349200;366.3
349300;368.0
349400;369.0
349500;370.0
349600;370.0
349700;371.6
349800;373.0
349900;374.2
350000;374.4
350100;374.7
350200;375.0
350300;373.6
350400;372.0
350500;370.0
350600;367.6
350700;366.3
350800;366.1
350900;363.3
351000;360.1
351100;358.0
351200;359.0
351300;359.1
351400;359.7
351500;360.4
351600;360.7
351700;358.8
351800;359.6
351900;359.0
352000;359.9
352100;363.1
352200;363.9
352300;363.3
352400;360.7
352500;360.6
352600;362.8
352700;364.8
352800;363.1
352900;364.0
353000;371.4
353100;376.9
353200;385.8
353300;391.3
353400;395.8
353500;400.9
353600;408.4
353700;415.8
353800;423.3
353900;430.7
354000;436.6
354100;435.5
354200;426.4
354300;421.7
354400;416.0
354500;411.5
354600;411.3
354700;414.4
354800;414.2
354900;412.7
355000;408.9
355100;408.6
355200;408.4
355300;408.1
355400;406.8
355500;404.0
355600;397.8
355700;391.0
355800;384.7
355900;383.1
356000;382.2
356100;381.3
356200;383.1
356300;383.6
356400;381.3
356500;379.1
356600;380.5
356700;377.5
356800;372.5
356900;368.5
357000;362.4
357100;364.8
357200;361.8
357300;356.6
357400;351.4
357500;350.9
357600;350.0
357700;350.0
357800;350.0
357900;352.3
358000;354.4
358100;353.7
358200;351.3
358300;351.0
358400;350.1
358500;348.8
358600;348.0
358700;350.3
358800;352.2
358900;354.1
359000;356.6
359100;354.3
359200;350.5
359300;348.7
359400;351.4
359500;357.2
359600;360.9
359700;364.3
359800;362.9
359900;361.7
360000;359.2
360100;359.8
360200;361.3
360300;362.7
360400;362.8
360500;364.8
360600;366.8
360700;368.0
360800;368.2
360900;369.0
361000;368.1
361100;370.5
361200;372.8
361300;375.4
361400;378.0
361500;378.0
361600;376.8
361700;375.7
361800;375.4
361900;375.1
362000;377.7
362100;378.0
362200;378.2
362300;378.6
362400;379.0
362500;377.0
362600;375.0
362700;373.0
362800;371.9
362900;371.0
363000;371.0
363100;373.9
363200;378.1
363300;382.1
363400;385.7
363500;386.0
363600;387.2
363700;386.7
363800;383.0
363900;379.4
364000;378.3
364100;377.5
364200;376.2
364300;375.4
364400;374.2
364500;373.0
364600;372.3
364700;370.9
364800;369.0
364900;369.0
365000;369.1
365100;369.7
365200;370.0
365300;370.0
365400;371.1
365500;372.9
365600;373.8
365700;371.0
365800;370.7
365900;372.6
366000;377.7
366100;377.0
366200;378.9
366300;378.6
366400;378.1
366500;380.6
366600;379.3
366700;378.0
366800;376.7
366900;375.5
367000;375.0
367100;374.0
367200;374.0
367300;375.4
367400;378.0
367500;379.9
367600;382.8
367700;383.9
367800;381.9
367900;379.1
368000;373.5
368100;367.6
368200;367.3
368300;369.8
368400;372.3
368500;374.5
368600;375.5
368700;373.5
368800;373.4
368900;374.4
369000;375.0
369100;371.7
369200;369.9
369300;367.4
369400;371.4
369500;373.1
369600;375.1
369700;376.3
369800;376.7
369900;376.1
370000;372.9
370100;370.7
370200;378.2
370300;383.3
370400;387.8
370500;389.6
370600;394.2
370700;395.3
370800;397.1
370900;398.0
371000;400.1
371100;402.2
371200;404.9
371300;407.0
371400;406.2
371500;405.2
371600;406.2
371700;404.9
371800;400.3
371900;393.9
372000;393.4
372100;393.2
372200;396.5
372300;398.2
372400;395.2
372500;392.1
372600;389.7
372700;389.0
372800;390.0
372900;395.4
373000;400.6
373100;405.8
373200;410.2
373300;413.0
373400;412.1
373500;413.1
373600;414.0
373700;414.9
373800;413.8
373900;411.6
374000;409.5
374100;411.0
374200;413.4
374300;415.9
374400;417.5
374500;416.2
374600;413.6
374700;408.8
374800;403.3
374900;397.3
375000;387.6
375100;379.5
375200;374.8
375300;372.7
375400;370.1
375500;361.9
375600;354.5
375700;348.6
375800;343.4
375900;343.7
376000;342.8
376100;341.6
376200;337.3
376300;333.4
376400;331.2
376500;329.3
376600;334.7
376700;340.0
376800;349.5
376900;353.9
377000;361.2
377100;368.3
377200;365.7
377300;363.0
377400;360.0
377500;357.1
377600;355.0
377700;352.7
377800;350.4
377900;348.1
378000;346.1
378100;346.8
378200;348.0
378300;347.0
378400;347.0
378500;348.2
378600;349.7
378700;350.9
378800;350.3
378900;350.2
379000;355.1
379100;356.1
379200;356.5
379300;356.9
379400;356.5
379500;355.2
379600;343.9
379700;335.1
379800;334.9
379900;336.0
380000;335.2
380100;334.3
380200;333.3
380300;331.6
380400;330.0
380500;330.1
380600;331.2
380700;333.2
380800;338.5
380900;340.5
381000;334.6
381100;332.7
381200;330.5
381300;329.0
381400;330.6
381500;331.4
381600;332.0
381700;331.0
381800;332.0
381900;333.7
382000;340.0
382100;341.0
382200;346.0
382300;353.4
382400;351.5
382500;349.0
382600;346.8
382700;343.2
382800;337.9
382900;335.3
383000;334.6
383100;334.2
383200;339.8
383300;342.7
383400;344.9
383500;343.8
383600;340.6
383700;338.6
383800;338.0
383900;335.1
384000;331.9
384100;328.8
384200;325.7
384300;317.6
384400;312.3
384500;309.4
384600;308.5
384700;309.5
384800;310.4
384900;311.0
385000;311.0
385100;310.8
385200;310.4
385300;310.1
385400;310.5
385500;311.0
385600;311.0
385700;311.0
385800;310.5
385900;309.0
386000;308.2
386100;307.7
386200;308.0
386300;308.0
386400;307.0
386500;306.4
386600;306.7
386700;306.8
386800;306.5
386900;306.2
387000;306.0
387100;305.2
387200;305.0
387300;304.6
387400;304.0
387500;305.6
387600;307.0
387700;306.0
387800;307.7
387900;308.2
388000;308.5
388100;308.0
388200;307.8
388300;307.6
388400;307.4
388500;307.2
388600;307.0
388700;306.2
388800;307.0
388900;306.6
389000;305.0
389100;305.0
389200;305.0
389300;303.3
389400;301.5
389500;300.8
389600;300.6
389700;300.4
389800;300.2
389900;300.0
390000;300.0
390100;299.7
390200;299.0
390300;298.0
390400;296.3
390500;296.0
390600;295.9
390700;294.3
390800;293.6
390900;292.7
391000;291.5
391100;290.3
391200;289.0
391300;288.7
391400;287.9
391500;287.0
391600;286.0
391700;286.0
391800;286.0
391900;285.5
392000;284.2
392100;283.2
392200;281.4
392300;281.0
392400;281.0
392500;281.2
392600;281.5
392700;280.5
392800;279.2
392900;279.4
393000;276.3
393100;274.4
393200;273.4
393300;270.6
393400;271.4
393500;272.9
393600;271.2
393700;270.2
393800;269.2
393900;267.3
394000;266.7
394100;265.8
394200;264.4
394300;264.0
394400;262.9
394500;261.7
394600;260.9
394700;260.1
394800;259.3
394900;258.3
395000;257.2
395100;256.3
395200;255.4
395300;254.7
395400;254.2
395500;254.6
395600;253.7
395700;253.0
395800;253.0
395900;253.2
396000;253.7
396100;253.7
396200;253.0
396300;253.0
396400;252.4
396500;252.3
396600;252.4
396700;252.0
396800;252.0
396900;251.2
397000;251.8
397100;250.7
397200;249.4
397300;249.0
397400;249.0
397500;247.2
397600;245.4
397700;245.0
397800;243.0
397900;243.0
398000;243.6
398100;244.0
398200;244.0
398300;244.0
398400;244.0
398500;243.3
398600;244.0
398700;244.0
398800;243.1
398900;243.0
399000;243.0
399100;243.0
399200;240.4
399300;239.0
399400;239.0
399500;237.1
399600;234.1
399700;234.9
399800;235.0
399900;235.0
400000;234.4
400100;233.1
400200;233.0
400300;233.0
400400;233.5
400500;232.9
400600;232.0
400700;231.1
400800;232.0
400900;232.5
401000;232.9
401100;233.0
401200;232.0
401300;232.8
401400;233.3
401500;233.0
401600;232.3
401700;232.8
401800;233.0
401900;229.4
402000;230.2
402100;230.9
402200;227.5
402300;224.5
402400;224.5
402500;226.0
402600;227.2
402700;228.2
402800;228.4
402900;228.0
403000;228.0
403100;227.8
403200;227.1
403300;226.8
403400;228.7
403500;227.5
403600;225.2
403700;222.7
403800;224.3
403900;224.2
404000;226.6
404100;222.8
404200;222.6
404300;224.6
404400;221.7
404500;222.0
404600;222.6
404700;223.0
404800;222.2
404900;223.3
405000;222.8
405100;220.8
405200;219.1
405300;219.5
405400;220.0
405500;218.0
405600;218.2
405700;221.3
405800;220.1
405900;218.0
406000;218.7
406100;218.0
406200;217.0
406300;217.0
406400;216.1
406500;214.7
406600;213.2
406700;212.7
406800;212.3
406900;212.0
407000;212.0
407100;212.5
407200;213.5
407300;214.5
407400;215.0
407500;215.6
407600;216.9
407700;216.5
407800;216.0
407900;217.0
408000;217.0
408100;217.0
408200;217.0
408300;216.6
408400;217.0
408500;215.5
408600;214.6
408700;213.1
408800;213.0
408900;213.0
409000;213.1
409100;213.3
409200;213.4
409300;213.6
409400;213.8
409500;213.9
409600;213.9
409700;213.6
409800;213.4
409900;213.2
410000;213.1
410100;213.2
410200;213.4
410300;213.6
410400;213.8
410500;214.0
410600;213.9
410700;213.8
410800;213.6
410900;213.5
411000;213.4
411100;213.2
411200;213.1
411300;212.8
411400;211.8
411500;211.0
411600;211.2
411700;211.6
411800;212.0
411900;212.4
412000;212.8
412100;213.4
412200;214.3
412300;214.9
412400;214.1
412500;213.0
412600;212.3
412700;213.1
412800;213.9
412900;214.7
413000;213.9
413100;213.2
413200;213.8
413300;214.0
413400;214.0
413500;214.5
413600;215.0
413700;214.8
413800;214.7
413900;214.5
414000;214.3
414100;214.1
414200;213.8
414300;212.9
414400;212.1
414500;211.3
414600;210.4
414700;212.4
414800;214.0
414900;214.0
415000;214.0
415100;214.4
415200;214.7
415300;215.0
415400;215.0
415500;215.0
415600;215.0
415700;214.6
415800;213.9
415900;213.3
416000;213.0
416100;213.0
416200;213.1
416300;213.1
416400;213.2
416500;213.3
416600;213.3
416700;213.4
416800;213.4
416900;213.5
417000;213.6
417100;213.6
417200;213.7
417300;213.8
417400;213.8
417500;213.9
417600;214.0
417700;214.1
417800;214.6
417900;215.0
418000;216.0
418100;215.3
418200;216.0
418300;214.0
418400;214.0
418500;214.0
418600;214.0
418700;214.0
418800;213.9
418900;213.8
419000;213.7
419100;213.6
419200;213.5
419300;213.3
419400;213.2
419500;213.1
419600;213.0
419700;213.0
419800;213.0
419900;213.0
420000;213.0
420100;213.0
420200;213.0
420300;213.0
420400;213.0
420500;213.0
420600;212.9
420700;212.5
420800;212.1
420900;212.0
421000;212.0
421100;213.0
421200;212.3
421300;211.3
421400;211.5
421500;212.0
421600;211.8
421700;211.6
421800;211.5
421900;211.3
422000;211.2
422100;211.0
422200;211.0
422300;210.7
422400;210.0
422500;210.4
422600;210.8
422700;210.9
422800;210.6
422900;210.4
423000;210.1
423100;209.9
423200;209.6
423300;209.4
423400;209.2
423500;209.0
423600;209.0
423700;209.0
423800;208.7
423900;208.3
424000;208.1
424100;208.9
424200;208.8
424300;208.5
424400;208.3
424500;208.0
424600;207.8
424700;207.5
424800;207.3
424900;207.0
425000;207.1
425100;207.2
425200;207.3
425300;207.4
425400;207.5
425500;207.6
425600;207.6
425700;207.7
425800;207.8
425900;207.9
426000;208.3
426100;209.0
426200;208.4
426300;207.8
426400;207.1
426500;207.8
426600;208.8
426700;208.7
426800;208.4
426900;208.1
427000;207.7
427100;207.4
427200;207.1
427300;207.0
427400;207.0
427500;207.0
427600;207.0
427700;207.0
427800;207.0
427900;207.0
428000;207.0
428100;206.0
428200;204.5
428300;203.2
428400;203.0
428500;202.9
428600;202.7
428700;202.6
428800;202.4
428900;202.3
429000;202.1
429100;202.0
429200;202.0
429300;202.0
429400;202.2
429500;202.7
429600;204.6
429700;205.4
429800;204.4
429900;204.0
430000;204.0
430100;204.0
430200;204.0
