;;Openrunner - ©2026 -  Avertissement  : Toute diffusion publique des données calculées sur Openrunner nécessite, pour leur diffuseur, de mentionner leur origine (openrunner.com).
;;23295488 | 'Lyon---Fessenheim validé v2 | D+ 5591m | D- 5560m
;;Lyon -> Fessenheim
Distance (m); Altitude (m)
0;173
100;172
200;171
300;172
400;173
500;174
600;173
700;172
800;171
900;170
1000;170
1100;171
1200;172
1300;173
1400;173
1500;173
1600;172
1700;172
1800;173
1900;173
2000;172
2100;173
2200;173
2300;173
2400;174
2500;173
2600;172
2700;170
2800;169
2900;169
3000;169
3100;169
3200;168
3300;168
3400;168
3500;168
3600;168
3700;168
3800;168
3900;168
4000;168
4100;168
4200;169
4300;169
4400;169
4500;169
4600;169
4700;169
4800;169
4900;168
5000;168
5100;170
5200;174
5300;178
5400;180
5500;182
5600;182
5700;182
5800;183
5900;184
6000;185
6100;185
6200;184
6300;182
6400;180
6500;178
6600;175
6700;173
6800;172
6900;171
7000;171
7100;172
7200;171
7300;171
7400;171
7500;171
7600;172
7700;174
7800;174
7900;175
8000;175
8100;175
8200;174
8300;174
8400;173
8500;173
8600;173
8700;175
8800;177
8900;178
9000;178
9100;178
9200;178
9300;178
9400;179
9500;179
9600;179
9700;179
9800;178
9900;177
10000;176
10100;175
10200;174
10300;173
10400;173
10500;173
10600;174
10700;174
10800;174
10900;174
11000;173
11100;173
11200;174
11300;175
11400;176
11500;176
11600;176
11700;176
11800;176
11900;177
12000;179
12100;181
12200;184
12300;186
12400;188
12500;189
12600;189
12700;187
12800;186
12900;185
13000;186
13100;188
13200;190
13300;190
13400;190
13500;189
13600;189
13700;190
13800;191
13900;193
14000;194
14100;194
14200;193
14300;191
14400;190
14500;193
14600;198
14700;205
14800;211
14900;214
15000;218
15100;224
15200;231
15300;238
15400;244
15500;248
15600;248
15700;247
15800;246
15900;247
16000;248
16100;248
16200;245
16300;242
16400;239
16500;236
16600;232
16700;226
16800;223
16900;224
17000;228
17100;232
17200;235
17300;237
17400;239
17500;243
17600;246
17700;247
17800;246
17900;243
18000;239
18100;237
18200;237
18300;236
18400;232
18500;226
18600;218
18700;212
18800;211
18900;214
19000;219
19100;226
19200;235
19300;246
19400;254
19500;258
19600;256
19700;252
19800;245
19900;237
20000;229
20100;224
20200;223
20300;226
20400;229
20500;231
20600;229
20700;229
20800;230
20900;232
21000;235
21100;238
21200;243
21300;246
21400;248
21500;247
21600;242
21700;237
21800;232
21900;227
22000;222
22100;216
22200;211
22300;207
22400;205
22500;204
22600;205
22700;207
22800;210
22900;214
23000;218
23100;220
23200;222
23300;223
23400;225
23500;227
23600;229
23700;228
23800;224
23900;219
24000;217
24100;216
24200;218
24300;220
24400;223
24500;225
24600;225
24700;226
24800;226
24900;228
25000;231
25100;235
25200;239
25300;242
25400;242
25500;241
25600;240
25700;242
25800;246
25900;250
26000;251
26100;250
26200;249
26300;249
26400;249
26500;246
26600;244
26700;242
26800;243
26900;245
27000;244
27100;242
27200;241
27300;241
27400;243
27500;246
27600;248
27700;250
27800;251
27900;251
28000;250
28100;249
28200;249
28300;250
28400;250
28500;251
28600;252
28700;253
28800;253
28900;254
29000;256
29100;260
29200;263
29300;265
29400;266
29500;267
29600;267
29700;267
29800;267
29900;267
30000;266
30100;265
30200;265
30300;266
30400;268
30500;269
30600;268
30700;267
30800;266
30900;268
31000;270
31100;273
31200;274
31300;273
31400;271
31500;270
31600;269
31700;269
31800;269
31900;270
32000;271
32100;272
32200;272
32300;273
32400;275
32500;276
32600;276
32700;277
32800;279
32900;280
33000;280
33100;280
33200;280
33300;280
33400;280
33500;280
33600;281
33700;283
33800;285
33900;288
34000;290
34100;292
34200;294
34300;295
34400;297
34500;299
34600;300
34700;299
34800;296
34900;292
35000;288
35100;285
35200;282
35300;280
35400;280
35500;281
35600;282
35700;282
35800;283
35900;284
36000;284
36100;284
36200;281
36300;278
36400;275
36500;274
36600;274
36700;272
36800;265
36900;254
37000;241
37100;231
37200;226
37300;228
37400;234
37500;242
37600;247
37700;248
37800;245
37900;244
38000;244
38100;244
38200;241
38300;237
38400;231
38500;228
38600;229
38700;232
38800;235
38900;239
39000;242
39100;244
39200;243
39300;239
39400;234
39500;229
39600;224
39700;222
39800;221
39900;221
40000;221
40100;222
40200;223
40300;223
40400;223
40500;222
40600;222
40700;222
40800;222
40900;223
41000;223
41100;224
41200;225
41300;226
41400;227
41500;227
41600;227
41700;229
41800;231
41900;234
42000;238
42100;243
42200;251
42300;259
42400;266
42500;271
42600;274
42700;276
42800;277
42900;278
43000;280
43100;284
43200;288
43300;291
43400;293
43500;293
43600;293
43700;293
43800;293
43900;290
44000;285
44100;276
44200;264
44300;251
44400;240
44500;233
44600;230
44700;229
44800;227
44900;226
45000;225
45100;225
45200;224
45300;225
45400;227
45500;230
45600;234
45700;236
45800;236
45900;235
46000;232
46100;229
46200;228
46300;227
46400;226
46500;225
46600;223
46700;223
46800;223
46900;223
47000;223
47100;223
47200;224
47300;225
47400;226
47500;227
47600;228
47700;230
47800;232
47900;235
48000;240
48100;244
48200;247
48300;246
48400;241
48500;234
48600;229
48700;227
48800;226
48900;227
49000;228
49100;229
49200;232
49300;233
49400;233
49500;233
49600;232
49700;233
49800;236
49900;238
50000;239
50100;238
50200;237
50300;236
50400;236
50500;238
50600;240
50700;241
50800;240
50900;238
51000;235
51100;232
51200;230
51300;228
51400;227
51500;226
51600;227
51700;228
51800;229
51900;229
52000;229
52100;230
52200;231
52300;231
52400;232
52500;232
52600;233
52700;234
52800;235
52900;236
53000;237
53100;238
53200;237
53300;235
53400;233
53500;232
53600;232
53700;232
53800;232
53900;232
54000;232
54100;231
54200;230
54300;230
54400;230
54500;230
54600;230
54700;230
54800;230
54900;230
55000;230
55100;231
55200;232
55300;232
55400;232
55500;232
55600;232
55700;232
55800;232
55900;232
56000;233
56100;233
56200;233
56300;233
56400;233
56500;233
56600;233
56700;233
56800;233
56900;234
57000;235
57100;235
57200;236
57300;236
57400;236
57500;237
57600;238
57700;239
57800;238
57900;237
58000;234
58100;233
58200;233
58300;234
58400;233
58500;233
58600;233
58700;233
58800;234
58900;235
59000;236
59100;237
59200;237
59300;236
59400;235
59500;234
59600;234
59700;234
59800;233
59900;233
60000;234
60100;235
60200;237
60300;239
60400;239
60500;239
60600;239
60700;239
60800;239
60900;239
61000;239
61100;240
61200;241
61300;244
61400;251
61500;264
61600;278
61700;290
61800;297
61900;299
62000;300
62100;300
62200;298
62300;295
62400;291
62500;286
62600;281
62700;277
62800;274
62900;272
63000;273
63100;274
63200;274
63300;274
63400;274
63500;273
63600;273
63700;273
63800;274
63900;274
64000;276
64100;277
64200;279
64300;280
64400;278
64500;276
64600;273
64700;272
64800;270
64900;270
65000;271
65100;273
65200;273
65300;274
65400;274
65500;277
65600;281
65700;287
65800;292
65900;296
66000;299
66100;302
66200;304
66300;305
66400;305
66500;306
66600;308
66700;309
66800;309
66900;309
67000;309
67100;311
67200;312
67300;313
67400;314
67500;314
67600;312
67700;307
67800;301
67900;296
68000;292
68100;287
68200;280
68300;272
68400;264
68500;259
68600;257
68700;257
68800;258
68900;261
69000;264
69100;267
69200;268
69300;267
69400;266
69500;266
69600;267
69700;268
69800;267
69900;265
70000;262
70100;261
70200;260
70300;261
70400;262
70500;263
70600;263
70700;267
70800;275
70900;286
71000;296
71100;303
71200;305
71300;307
71400;309
71500;311
71600;314
71700;317
71800;322
71900;329
72000;337
72100;341
72200;341
72300;337
72400;331
72500;325
72600;321
72700;316
72800;311
72900;305
73000;301
73100;299
73200;300
73300;305
73400;310
73500;311
73600;310
73700;307
73800;304
73900;301
74000;301
74100;300
74200;298
74300;296
74400;294
74500;293
74600;294
74700;297
74800;298
74900;298
75000;297
75100;297
75200;295
75300;294
75400;291
75500;288
75600;286
75700;285
75800;284
75900;284
76000;284
76100;282
76200;279
76300;275
76400;273
76500;273
76600;273
76700;275
76800;277
76900;279
77000;281
77100;282
77200;283
77300;284
77400;284
77500;284
77600;284
77700;284
77800;286
77900;289
78000;293
78100;297
78200;301
78300;305
78400;308
78500;311
78600;313
78700;315
78800;315
78900;313
79000;308
79100;301
79200;294
79300;287
79400;282
79500;280
79600;278
79700;277
79800;278
79900;280
80000;282
80100;285
80200;288
80300;290
80400;292
80500;292
80600;291
80700;289
80800;288
80900;288
81000;288
81100;287
81200;285
81300;281
81400;279
81500;280
81600;282
81700;283
81800;283
81900;283
82000;283
82100;283
82200;283
82300;284
82400;286
82500;285
82600;282
82700;277
82800;274
82900;274
83000;276
83100;277
83200;278
83300;279
83400;280
83500;281
83600;282
83700;282
83800;282
83900;282
84000;282
84100;283
84200;282
84300;281
84400;279
84500;279
84600;282
84700;286
84800;290
84900;293
85000;294
85100;294
85200;293
85300;289
85400;284
85500;280
85600;277
85700;276
85800;275
85900;275
86000;275
86100;276
86200;278
86300;281
86400;285
86500;290
86600;293
86700;295
86800;294
86900;292
87000;292
87100;293
87200;294
87300;295
87400;294
87500;292
87600;291
87700;289
87800;286
87900;283
88000;280
88100;277
88200;276
88300;279
88400;284
88500;290
88600;294
88700;295
88800;295
88900;295
89000;297
89100;299
89200;302
89300;305
89400;313
89500;323
89600;332
89700;338
89800;340
89900;338
90000;334
90100;331
90200;328
90300;326
90400;327
90500;328
90600;327
90700;323
90800;319
90900;314
91000;309
91100;306
91200;303
91300;302
91400;301
91500;300
91600;299
91700;297
91800;296
91900;297
92000;298
92100;299
92200;302
92300;303
92400;304
92500;304
92600;302
92700;301
92800;299
92900;297
93000;294
93100;293
93200;294
93300;295
93400;296
93500;297
93600;298
93700;300
93800;303
93900;305
94000;306
94100;306
94200;304
94300;303
94400;304
94500;307
94600;313
94700;320
94800;325
94900;329
95000;331
95100;333
95200;336
95300;339
95400;339
95500;337
95600;335
95700;331
95800;328
95900;325
96000;323
96100;320
96200;317
96300;312
96400;308
96500;303
96600;299
96700;295
96800;292
96900;290
97000;288
97100;287
97200;287
97300;289
97400;291
97500;294
97600;296
97700;296
97800;296
97900;297
98000;298
98100;298
98200;298
98300;297
98400;297
98500;299
98600;302
98700;305
98800;304
98900;300
99000;295
99100;292
99200;291
99300;292
99400;293
99500;293
99600;292
99700;291
99800;291
99900;291
100000;292
100100;295
100200;298
100300;303
100400;305
100500;306
100600;305
100700;304
100800;304
100900;305
101000;305
101100;305
101200;305
101300;305
101400;305
101500;304
101600;303
101700;303
101800;303
101900;304
102000;306
102100;308
102200;311
102300;313
102400;314
102500;315
102600;316
102700;316
102800;316
102900;316
103000;316
103100;316
103200;316
103300;316
103400;315
103500;315
103600;312
103700;307
103800;303
103900;301
104000;302
104100;304
104200;306
104300;308
104400;310
104500;312
104600;314
104700;314
104800;312
104900;310
105000;308
105100;308
105200;308
105300;309
105400;310
105500;311
105600;312
105700;313
105800;313
105900;312
106000;312
106100;313
106200;315
106300;318
106400;319
106500;320
106600;321
106700;323
106800;325
106900;328
107000;332
107100;335
107200;337
107300;336
107400;332
107500;328
107600;327
107700;329
107800;333
107900;335
108000;333
108100;328
108200;322
108300;319
108400;318
108500;319
108600;319
108700;319
108800;318
108900;317
109000;316
109100;315
109200;315
109300;317
109400;318
109500;319
109600;319
109700;318
109800;318
109900;318
110000;319
110100;320
110200;319
110300;318
110400;316
110500;315
110600;316
110700;317
110800;318
110900;318
111000;318
111100;316
111200;315
111300;315
111400;318
111500;322
111600;325
111700;326
111800;324
111900;325
112000;327
112100;332
112200;335
112300;335
112400;333
112500;334
112600;337
112700;341
112800;341
112900;338
113000;333
113100;327
113200;322
113300;319
113400;319
113500;318
113600;318
113700;317
113800;318
113900;321
114000;326
114100;331
114200;334
114300;336
114400;338
114500;342
114600;346
114700;351
114800;355
114900;357
115000;358
115100;360
115200;362
115300;362
115400;362
115500;360
115600;358
115700;360
115800;364
115900;367
116000;370
116100;369
116200;368
116300;365
116400;362
116500;361
116600;360
116700;359
116800;358
116900;356
117000;354
117100;352
117200;350
117300;350
117400;351
117500;352
117600;351
117700;350
117800;350
117900;351
118000;353
118100;356
118200;356
118300;355
118400;355
118500;355
118600;354
118700;352
118800;351
118900;351
119000;353
119100;355
119200;356
119300;357
119400;360
119500;368
119600;380
119700;394
119800;407
119900;415
120000;421
120100;427
120200;435
120300;442
120400;449
120500;454
120600;459
120700;464
120800;469
120900;472
121000;476
121100;480
121200;484
121300;489
121400;495
121500;498
121600;498
121700;496
121800;492
121900;489
122000;487
122100;484
122200;482
122300;483
122400;486
122500;491
122600;499
122700;505
122800;508
122900;506
123000;497
123100;484
123200;473
123300;465
123400;463
123500;464
123600;462
123700;460
123800;462
123900;471
124000;482
124100;491
124200;492
124300;491
124400;489
124500;490
124600;492
124700;495
124800;497
124900;499
125000;502
125100;505
125200;511
125300;518
125400;524
125500;528
125600;529
125700;527
125800;524
125900;519
126000;514
126100;512
126200;514
126300;517
126400;522
126500;526
126600;527
126700;525
126800;520
126900;514
127000;509
127100;508
127200;510
127300;513
127400;514
127500;516
127600;518
127700;519
127800;520
127900;522
128000;527
128100;532
128200;535
128300;536
128400;533
128500;529
128600;525
128700;522
128800;522
128900;524
129000;529
129100;536
129200;546
129300;556
129400;563
129500;568
129600;571
129700;575
129800;580
129900;583
130000;585
130100;586
130200;591
130300;599
130400;607
130500;611
130600;611
130700;610
130800;607
130900;604
131000;602
131100;599
131200;598
131300;598
131400;598
131500;598
131600;598
131700;597
131800;594
131900;589
132000;585
132100;582
132200;584
132300;589
132400;594
132500;596
132600;596
132700;595
132800;593
132900;591
133000;589
133100;587
133200;585
133300;583
133400;581
133500;577
133600;575
133700;574
133800;575
133900;576
134000;579
134100;582
134200;584
134300;586
134400;587
134500;585
134600;582
134700;580
134800;578
134900;574
135000;568
135100;560
135200;551
135300;541
135400;527
135500;509
135600;487
135700;467
135800;454
135900;449
136000;449
136100;453
136200;456
136300;456
136400;455
136500;454
136600;453
136700;452
136800;448
136900;444
137000;441
137100;441
137200;441
137300;441
137400;440
137500;438
137600;436
137700;435
137800;435
137900;435
138000;436
138100;437
138200;438
138300;438
138400;440
138500;445
138600;453
138700;464
138800;475
138900;484
139000;491
139100;497
139200;501
139300;503
139400;505
139500;505
139600;506
139700;507
139800;510
139900;512
140000;513
140100;513
140200;512
140300;512
140400;514
140500;516
140600;519
140700;522
140800;524
140900;525
141000;525
141100;524
141200;524
141300;523
141400;520
141500;516
141600;512
141700;510
141800;511
141900;514
142000;518
142100;518
142200;514
142300;507
142400;500
142500;494
142600;489
142700;485
142800;478
142900;470
143000;463
143100;458
143200;458
143300;463
143400;470
143500;476
143600;480
143700;486
143800;496
143900;508
144000;521
144100;533
144200;541
144300;547
144400;550
144500;551
144600;550
144700;551
144800;553
144900;555
145000;555
145100;552
145200;548
145300;544
145400;541
145500;541
145600;542
145700;547
145800;555
145900;568
146000;580
146100;589
146200;590
146300;584
146400;575
146500;567
146600;561
146700;556
146800;551
146900;543
147000;534
147100;528
147200;525
147300;525
147400;526
147500;525
147600;522
147700;515
147800;506
147900;497
148000;491
148100;490
148200;491
148300;491
148400;490
148500;487
148600;484
148700;481
148800;479
148900;478
149000;479
149100;479
149200;479
149300;479
149400;480
149500;482
149600;485
149700;486
149800;485
149900;482
150000;478
150100;475
150200;474
150300;474
150400;473
150500;472
150600;471
150700;473
150800;476
150900;481
151000;484
151100;486
151200;487
151300;487
151400;486
151500;483
151600;481
151700;479
151800;477
151900;475
152000;473
152100;472
152200;470
152300;467
152400;464
152500;463
152600;462
152700;462
152800;461
152900;459
153000;456
153100;453
153200;449
153300;445
153400;442
153500;440
153600;440
153700;441
153800;441
153900;440
154000;438
154100;438
154200;438
154300;440
154400;441
154500;443
154600;447
154700;453
154800;458
154900;461
155000;462
155100;461
155200;460
155300;461
155400;464
155500;465
155600;467
155700;468
155800;470
155900;473
156000;475
156100;476
156200;477
156300;479
156400;481
156500;482
156600;481
156700;479
156800;476
156900;474
157000;475
157100;478
157200;482
157300;484
157400;485
157500;485
157600;485
157700;486
157800;486
157900;486
158000;486
158100;485
158200;485
158300;484
158400;484
158500;484
158600;482
158700;480
158800;479
158900;479
159000;480
159100;480
159200;481
159300;482
159400;482
159500;481
159600;482
159700;484
159800;488
159900;491
160000;493
160100;494
160200;497
160300;501
160400;506
160500;510
160600;514
160700;517
160800;520
160900;523
161000;524
161100;523
161200;521
161300;518
161400;515
161500;512
161600;510
161700;509
161800;509
161900;509
162000;507
162100;504
162200;502
162300;501
162400;502
162500;505
162600;508
162700;511
162800;513
162900;515
163000;516
163100;518
163200;519
163300;520
163400;520
163500;521
163600;523
163700;526
163800;527
163900;526
164000;523
164100;521
164200;522
164300;525
164400;526
164500;525
164600;521
164700;518
164800;515
164900;514
165000;514
165100;514
165200;515
165300;517
165400;518
165500;519
165600;519
165700;520
165800;521
165900;522
166000;523
166100;524
166200;525
166300;525
166400;523
166500;522
166600;520
166700;519
166800;518
166900;518
167000;517
167100;515
167200;513
167300;512
167400;511
167500;512
167600;512
167700;513
167800;515
167900;515
168000;516
168100;516
168200;517
168300;519
168400;521
168500;523
168600;523
168700;522
168800;521
168900;520
169000;521
169100;522
169200;524
169300;526
169400;528
169500;529
169600;529
169700;529
169800;527
169900;526
170000;526
170100;527
170200;527
170300;528
170400;527
170500;528
170600;529
170700;529
170800;529
170900;527
171000;525
171100;523
171200;522
171300;522
171400;521
171500;521
171600;521
171700;522
171800;522
171900;523
172000;524
172100;525
172200;526
172300;527
172400;528
172500;528
172600;527
172700;525
172800;524
172900;523
173000;524
173100;525
173200;528
173300;531
173400;533
173500;534
173600;533
173700;533
173800;533
173900;533
174000;534
174100;533
174200;532
174300;530
174400;529
174500;529
174600;530
174700;531
174800;531
174900;530
175000;529
175100;529
175200;529
175300;529
175400;529
175500;530
175600;532
175700;532
175800;531
175900;529
176000;527
176100;528
176200;528
176300;528
176400;527
176500;527
176600;527
176700;528
176800;529
176900;530
177000;531
177100;532
177200;532
177300;531
177400;529
177500;527
177600;526
177700;525
177800;525
177900;525
178000;525
178100;525
178200;525
178300;526
178400;527
178500;527
178600;527
178700;527
178800;527
178900;527
179000;529
179100;531
179200;533
179300;536
179400;537
179500;538
179600;538
179700;539
179800;540
179900;541
180000;543
180100;545
180200;549
180300;551
180400;550
180500;546
180600;543
180700;540
180800;540
180900;540
181000;541
181100;543
181200;545
181300;547
181400;550
181500;553
181600;554
181700;554
181800;552
181900;551
182000;550
182100;551
182200;554
182300;557
182400;558
182500;558
182600;557
182700;554
182800;552
182900;552
183000;553
183100;555
183200;556
183300;556
183400;556
183500;556
183600;557
183700;557
183800;556
183900;555
184000;555
184100;556
184200;557
184300;557
184400;557
184500;558
184600;559
184700;560
184800;561
184900;561
185000;561
185100;561
185200;562
185300;563
185400;565
185500;567
185600;568
185700;568
185800;567
185900;568
186000;569
186100;571
186200;574
186300;575
186400;576
186500;576
186600;576
186700;577
186800;578
186900;580
187000;580
187100;580
187200;578
187300;576
187400;574
187500;573
187600;572
187700;571
187800;571
187900;571
188000;573
188100;574
188200;574
188300;574
188400;573
188500;573
188600;574
188700;577
188800;578
188900;577
189000;575
189100;574
189200;576
189300;581
189400;588
189500;594
189600;599
189700;601
189800;602
189900;601
190000;601
190100;602
190200;602
190300;603
190400;604
190500;605
190600;606
190700;607
190800;607
190900;606
191000;604
191100;600
191200;597
191300;595
191400;594
191500;594
191600;596
191700;597
191800;600
191900;603
192000;604
192100;604
192200;603
192300;600
192400;598
192500;595
192600;592
192700;591
192800;592
192900;594
193000;596
193100;597
193200;598
193300;601
193400;604
193500;605
193600;605
193700;605
193800;607
193900;608
194000;604
194100;594
194200;581
194300;567
194400;557
194500;549
194600;542
194700;531
194800;517
194900;502
195000;490
195100;482
195200;478
195300;475
195400;471
195500;466
195600;463
195700;460
195800;458
195900;456
196000;452
196100;449
196200;445
196300;440
196400;431
196500;417
196600;401
196700;386
196800;372
196900;359
197000;346
197100;333
197200;323
197300;317
197400;316
197500;317
197600;316
197700;313
197800;308
197900;304
198000;300
198100;298
198200;295
198300;293
198400;294
198500;296
198600;299
198700;301
198800;300
198900;298
199000;296
199100;293
199200;290
199300;286
199400;285
199500;285
199600;287
199700;290
199800;292
199900;295
200000;298
200100;302
200200;306
200300;309
200400;309
200500;308
200600;308
200700;308
200800;310
200900;314
201000;318
201100;324
201200;332
201300;339
201400;345
201500;349
201600;352
201700;355
201800;357
201900;359
202000;361
202100;362
202200;363
202300;363
202400;363
202500;364
202600;368
202700;374
202800;378
202900;381
203000;381
203100;377
203200;371
203300;366
203400;358
203500;349
203600;337
203700;326
203800;319
203900;317
204000;319
204100;321
204200;322
204300;319
204400;314
204500;308
204600;304
204700;303
204800;304
204900;305
205000;304
205100;301
205200;298
205300;297
205400;297
205500;297
205600;294
205700;289
205800;284
205900;278
206000;276
206100;276
206200;278
206300;279
206400;279
206500;276
206600;273
206700;273
206800;274
206900;275
207000;275
207100;273
207200;272
207300;270
207400;268
207500;265
207600;264
207700;265
207800;269
207900;276
208000;282
208100;286
208200;288
208300;287
208400;287
208500;287
208600;288
208700;290
208800;292
208900;293
209000;293
209100;294
209200;294
209300;293
209400;290
209500;285
209600;278
209700;273
209800;271
209900;271
210000;274
210100;278
210200;280
210300;281
210400;280
210500;279
210600;279
210700;279
210800;279
210900;279
211000;278
211100;276
211200;274
211300;270
211400;266
211500;261
211600;256
211700;251
211800;249
211900;248
212000;250
212100;251
212200;252
212300;250
212400;249
212500;248
212600;248
212700;249
212800;250
212900;251
213000;250
213100;248
213200;246
213300;244
213400;242
213500;241
213600;240
213700;239
213800;236
213900;234
214000;233
214100;232
214200;231
214300;231
214400;231
214500;231
214600;231
214700;231
214800;232
214900;233
215000;234
215100;233
215200;232
215300;231
215400;231
215500;232
215600;232
215700;232
215800;232
215900;233
216000;234
216100;234
216200;233
216300;232
216400;232
216500;233
216600;234
216700;234
216800;233
216900;232
217000;232
217100;232
217200;232
217300;232
217400;232
217500;233
217600;233
217700;234
217800;234
217900;235
218000;235
218100;234
218200;233
218300;233
218400;234
218500;238
218600;242
218700;246
218800;248
218900;249
219000;248
219100;247
219200;246
219300;245
219400;245
219500;246
219600;247
219700;248
219800;248
219900;248
220000;250
220100;253
220200;259
220300;266
220400;274
220500;280
220600;286
220700;291
220800;294
220900;294
221000;293
221100;290
221200;289
221300;290
221400;294
221500;299
221600;304
221700;308
221800;312
221900;316
222000;323
222100;333
222200;343
222300;352
222400;360
222500;366
222600;374
222700;382
222800;393
222900;404
223000;416
223100;426
223200;435
223300;442
223400;447
223500;451
223600;455
223700;458
223800;460
223900;460
224000;455
224100;447
224200;438
224300;430
224400;425
224500;424
224600;426
224700;427
224800;427
224900;426
225000;424
225100;422
225200;422
225300;421
225400;422
225500;424
225600;427
225700;429
225800;428
225900;426
226000;422
226100;416
226200;405
226300;390
226400;371
226500;353
226600;339
226700;330
226800;324
226900;316
227000;307
227100;298
227200;291
227300;287
227400;286
227500;286
227600;285
227700;282
227800;277
227900;272
228000;270
228100;271
228200;275
228300;278
228400;280
228500;280
228600;280
228700;282
228800;282
228900;281
229000;277
229100;271
229200;267
229300;265
229400;266
229500;270
229600;275
229700;281
229800;284
229900;287
230000;288
230100;288
230200;287
230300;284
230400;278
230500;272
230600;268
230700;264
230800;262
230900;259
231000;256
231100;255
231200;258
231300;265
231400;273
231500;276
231600;275
231700;271
231800;264
231900;257
232000;250
232100;242
232200;235
232300;231
232400;229
232500;227
232600;227
232700;226
232800;224
232900;222
233000;221
233100;220
233200;222
233300;224
233400;225
233500;224
233600;223
233700;222
233800;223
233900;225
234000;226
234100;225
234200;224
234300;223
234400;222
234500;222
234600;222
234700;222
234800;222
234900;222
235000;223
235100;226
235200;229
235300;232
235400;234
235500;236
235600;236
235700;237
235800;239
235900;242
236000;248
236100;254
236200;258
236300;262
236400;266
236500;269
236600;270
236700;272
236800;273
236900;274
237000;275
237100;276
237200;278
237300;280
237400;283
237500;286
237600;286
237700;287
237800;291
237900;297
238000;303
238100;309
238200;312
238300;314
238400;314
238500;310
238600;303
238700;295
238800;287
238900;279
239000;270
239100;260
239200;251
239300;244
239400;238
239500;236
239600;236
239700;238
239800;242
239900;245
240000;248
240100;252
240200;256
240300;260
240400;265
240500;269
240600;272
240700;277
240800;283
240900;290
241000;296
241100;303
241200;309
241300;315
241400;319
241500;320
241600;320
241700;318
241800;315
241900;312
242000;308
242100;301
242200;291
242300;278
242400;266
242500;255
242600;248
242700;245
242800;244
242900;242
243000;241
243100;241
243200;240
243300;238
243400;234
243500;229
243600;227
243700;226
243800;227
243900;227
244000;227
244100;227
244200;228
244300;228
244400;227
244500;227
244600;227
244700;228
244800;229
244900;232
245000;235
245100;237
245200;238
245300;240
245400;242
245500;246
245600;248
245700;246
245800;240
245900;233
246000;229
246100;227
246200;228
246300;229
246400;229
246500;230
246600;231
246700;232
246800;233
246900;233
247000;233
247100;234
247200;237
247300;242
247400;248
247500;252
247600;254
247700;255
247800;257
247900;259
248000;260
248100;256
248200;250
248300;244
248400;238
248500;235
248600;233
248700;236
248800;243
248900;253
249000;262
249100;270
249200;277
249300;287
249400;299
249500;314
249600;329
249700;341
249800;350
249900;354
250000;356
250100;358
250200;361
250300;365
250400;371
250500;377
250600;384
250700;388
250800;389
250900;385
251000;377
251100;368
251200;359
251300;353
251400;348
251500;345
251600;342
251700;340
251800;338
251900;336
252000;335
252100;332
252200;327
252300;321
252400;313
252500;304
252600;295
252700;286
252800;277
252900;270
253000;264
253100;262
253200;260
253300;260
253400;263
253500;273
253600;289
253700;304
253800;313
253900;316
254000;316
254100;318
254200;323
254300;329
254400;333
254500;338
254600;343
254700;348
254800;353
254900;356
255000;358
255100;359
255200;360
255300;363
255400;365
255500;367
255600;368
255700;368
255800;367
255900;367
256000;369
256100;373
256200;379
256300;388
256400;397
256500;407
256600;418
256700;428
256800;438
256900;444
257000;448
257100;452
257200;457
257300;464
257400;470
257500;471
257600;468
257700;461
257800;454
257900;450
258000;447
258100;447
258200;449
258300;452
258400;456
258500;459
258600;461
258700;463
258800;465
258900;466
259000;468
259100;468
259200;469
259300;470
259400;468
259500;464
259600;456
259700;448
259800;443
259900;442
260000;442
260100;444
260200;444
260300;443
260400;442
260500;440
260600;440
260700;442
260800;443
260900;445
261000;446
261100;447
261200;450
261300;453
261400;457
261500;462
261600;469
261700;474
261800;475
261900;469
262000;460
262100;453
262200;455
262300;463
262400;471
262500;475
262600;472
262700;468
262800;466
262900;469
263000;475
263100;481
263200;483
263300;479
263400;471
263500;461
263600;450
263700;442
263800;438
263900;439
264000;442
264100;445
264200;442
264300;435
264400;432
264500;434
264600;438
264700;444
264800;447
264900;448
265000;446
265100;444
265200;441
265300;439
265400;440
265500;443
265600;448
265700;454
265800;460
265900;466
266000;470
266100;473
266200;478
266300;484
266400;491
266500;497
266600;503
266700;508
266800;513
266900;517
267000;520
267100;520
267200;521
267300;520
267400;519
267500;517
267600;512
267700;507
267800;502
267900;498
268000;494
268100;490
268200;484
268300;476
268400;467
268500;458
268600;449
268700;441
268800;436
268900;432
269000;430
269100;429
269200;431
269300;433
269400;437
269500;441
269600;445
269700;449
269800;454
269900;458
270000;461
270100;464
270200;465
270300;463
270400;460
270500;460
270600;467
270700;479
270800;492
270900;503
271000;512
271100;518
271200;522
271300;524
271400;526
271500;526
271600;526
271700;523
271800;517
271900;509
272000;503
272100;498
272200;497
272300;496
272400;498
272500;502
272600;508
272700;514
272800;516
272900;515
273000;512
273100;510
273200;509
273300;511
273400;515
273500;518
273600;519
273700;519
273800;519
273900;521
274000;527
274100;535
274200;546
274300;556
274400;563
274500;563
274600;561
274700;557
274800;554
274900;552
275000;552
275100;553
275200;555
275300;557
275400;558
275500;555
275600;550
275700;545
275800;541
275900;536
276000;531
276100;526
276200;520
276300;515
276400;510
276500;505
276600;500
276700;493
276800;485
276900;479
277000;475
277100;474
277200;472
277300;466
277400;456
277500;450
277600;451
277700;458
277800;467
277900;474
278000;479
278100;483
278200;488
278300;494
278400;501
278500;509
278600;518
278700;527
278800;534
278900;538
279000;540
279100;541
279200;543
279300;547
279400;550
279500;553
279600;555
279700;556
279800;554
279900;552
280000;549
280100;546
280200;546
280300;546
280400;547
280500;546
280600;547
280700;549
280800;552
280900;555
281000;556
281100;555
281200;553
281300;553
281400;553
281500;554
281600;556
281700;559
281800;562
281900;566
282000;567
282100;566
282200;564
282300;563
282400;562
282500;563
282600;563
282700;562
282800;560
282900;561
283000;563
283100;565
283200;568
283300;572
283400;579
283500;586
283600;590
283700;591
283800;590
283900;589
284000;588
284100;586
284200;578
284300;566
284400;552
284500;539
284600;526
284700;515
284800;507
284900;501
285000;499
285100;497
285200;494
285300;492
285400;494
285500;497
285600;500
285700;499
285800;492
285900;482
286000;471
286100;458
286200;446
286300;434
286400;425
286500;419
286600;417
286700;416
286800;417
286900;420
287000;424
287100;429
287200;434
287300;436
287400;436
287500;438
287600;444
287700;451
287800;458
287900;461
288000;459
288100;455
288200;447
288300;433
288400;414
288500;393
288600;375
288700;363
288800;358
288900;358
289000;362
289100;369
289200;379
289300;388
289400;394
289500;396
289600;396
289700;396
289800;396
289900;399
290000;404
290100;412
290200;420
290300;427
290400;429
290500;424
290600;414
290700;402
290800;390
290900;377
291000;361
291100;341
291200;320
291300;303
291400;292
291500;285
291600;282
291700;281
291800;282
291900;281
292000;278
292100;274
292200;269
292300;266
292400;265
292500;265
292600;267
292700;269
292800;271
292900;272
293000;273
293100;272
293200;271
293300;269
293400;268
293500;266
293600;265
293700;266
293800;270
293900;277
294000;285
294100;290
294200;290
294300;285
294400;279
294500;274
294600;274
294700;278
294800;284
294900;288
295000;287
295100;281
295200;274
295300;269
295400;267
295500;267
295600;267
295700;267
295800;269
295900;272
296000;278
296100;286
296200;292
296300;294
296400;292
296500;285
296600;278
296700;273
296800;272
296900;273
297000;277
297100;282
297200;285
297300;284
297400;278
297500;271
297600;266
297700;266
297800;267
297900;267
298000;267
298100;268
298200;269
298300;271
298400;271
298500;271
298600;270
298700;268
298800;267
298900;267
299000;269
299100;273
299200;281
299300;287
299400;289
299500;287
299600;283
299700;280
299800;279
299900;276
300000;273
300100;271
300200;271
300300;274
300400;276
300500;278
300600;278
300700;277
300800;276
300900;276
301000;276
301100;277
301200;281
301300;287
301400;299
301500;315
301600;333
301700;349
301800;361
301900;369
302000;373
302100;373
302200;373
302300;373
302400;375
302500;377
302600;377
302700;376
302800;376
302900;377
303000;380
303100;384
303200;389
303300;395
303400;402
303500;408
303600;415
303700;422
303800;429
303900;436
304000;442
304100;445
304200;445
304300;440
304400;433
304500;422
304600;410
304700;398
304800;386
304900;375
305000;362
305100;350
305200;341
305300;337
305400;338
305500;341
305600;346
305700;351
305800;356
305900;361
306000;365
306100;371
306200;379
306300;389
306400;399
306500;405
306600;408
306700;407
306800;406
306900;404
307000;404
307100;405
307200;407
307300;407
307400;407
307500;407
307600;408
307700;409
307800;410
307900;410
308000;410
308100;410
308200;411
308300;412
308400;411
308500;410
308600;407
308700;405
308800;403
308900;402
309000;402
309100;402
309200;402
309300;404
309400;404
309500;404
309600;403
309700;401
309800;399
309900;397
310000;396
310100;396
310200;395
310300;395
310400;395
310500;396
310600;399
310700;402
310800;404
310900;405
311000;405
311100;406
311200;408
311300;410
311400;411
311500;409
311600;406
311700;404
311800;405
311900;408
312000;410
312100;411
312200;410
312300;408
312400;407
312500;404
312600;401
312700;396
312800;390
312900;383
313000;374
313100;366
313200;359
313300;353
313400;350
313500;347
313600;343
313700;338
313800;332
313900;327
314000;325
314100;324
314200;324
314300;324
314400;325
314500;327
314600;329
314700;333
314800;339
314900;345
315000;353
315100;361
315200;367
315300;371
315400;371
315500;370
315600;368
315700;366
315800;362
315900;357
316000;352
316100;348
316200;347
316300;347
316400;346
316500;344
316600;343
316700;343
316800;346
316900;351
317000;359
317100;366
317200;372
317300;376
317400;379
317500;382
317600;384
317700;385
317800;385
317900;383
318000;382
318100;382
318200;383
318300;384
318400;385
318500;386
318600;389
318700;391
318800;395
318900;398
319000;401
319100;402
319200;403
319300;403
319400;403
319500;405
319600;409
319700;415
319800;423
319900;432
320000;441
320100;450
320200;458
320300;465
320400;471
320500;475
320600;474
320700;469
320800;461
320900;452
321000;443
321100;432
321200;418
321300;403
321400;388
321500;377
321600;369
321700;364
321800;360
321900;355
322000;350
322100;344
322200;340
322300;336
322400;333
322500;331
322600;328
322700;325
322800;323
322900;323
323000;324
323100;328
323200;332
323300;336
323400;337
323500;337
323600;336
323700;334
323800;331
323900;329
324000;328
324100;327
324200;326
324300;328
324400;331
324500;337
324600;343
324700;345
324800;347
324900;348
325000;351
325100;354
325200;356
325300;357
325400;355
325500;352
325600;349
325700;349
325800;351
325900;356
326000;362
326100;367
326200;372
326300;376
326400;380
326500;382
326600;380
326700;376
326800;370
326900;363
327000;354
327100;347
327200;344
327300;345
327400;349
327500;357
327600;364
327700;369
327800;371
327900;370
328000;368
328100;367
328200;365
328300;361
328400;354
328500;347
328600;342
328700;340
328800;340
328900;339
329000;337
329100;333
329200;329
329300;326
329400;324
329500;323
329600;325
329700;329
329800;333
329900;338
330000;342
330100;344
330200;346
330300;346
330400;347
330500;349
330600;351
330700;353
330800;356
330900;359
331000;362
331100;366
331200;369
331300;370
331400;370
331500;368
331600;365
331700;362
331800;361
331900;363
332000;364
332100;364
332200;362
332300;360
332400;364
332500;372
332600;383
332700;392
332800;399
332900;403
333000;407
333100;412
333200;419
333300;426
333400;433
333500;437
333600;437
333700;431
333800;420
333900;408
334000;397
334100;391
334200;387
334300;385
334400;384
334500;383
334600;381
334700;379
334800;377
334900;376
335000;375
335100;376
335200;377
335300;376
335400;374
335500;373
335600;373
335700;375
335800;380
335900;385
336000;390
336100;392
336200;393
336300;392
336400;390
336500;390
336600;391
336700;395
336800;400
336900;402
337000;403
337100;401
337200;400
337300;402
337400;406
337500;413
337600;418
337700;418
337800;414
337900;405
338000;397
338100;392
338200;389
338300;388
338400;388
338500;388
338600;390
338700;392
338800;394
338900;395
339000;395
339100;396
339200;397
339300;400
339400;404
339500;409
339600;413
339700;415
339800;418
339900;421
340000;425
340100;430
340200;434
340300;437
340400;437
340500;437
340600;436
340700;435
340800;432
340900;425
341000;414
341100;399
341200;386
341300;377
341400;373
341500;370
341600;367
341700;362
341800;355
341900;350
342000;349
342100;350
342200;353
342300;354
342400;356
342500;357
342600;359
342700;361
342800;366
342900;373
343000;379
343100;385
343200;388
343300;389
343400;389
343500;389
343600;392
343700;394
343800;393
343900;385
344000;372
344100;358
344200;349
344300;347
344400;349
344500;350
344600;350
344700;350
344800;351
344900;354
345000;357
345100;357
345200;355
345300;350
345400;346
345500;345
345600;346
345700;348
345800;350
345900;352
346000;355
346100;356
346200;354
346300;348
346400;341
346500;337
346600;335
346700;334
346800;334
346900;334
347000;334
347100;334
347200;335
347300;338
347400;342
347500;347
347600;351
347700;354
347800;356
347900;358
348000;359
348100;362
348200;365
348300;369
348400;372
348500;374
348600;375
348700;375
348800;375
348900;374
349000;371
349100;367
349200;364
349300;363
349400;364
349500;365
349600;366
349700;367
349800;369
349900;371
350000;372
350100;373
350200;373
350300;372
350400;369
350500;367
350600;364
350700;361
350800;360
350900;363
351000;370
351100;378
351200;383
351300;383
351400;379
351500;374
351600;371
351700;370
351800;371
351900;371
352000;371
352100;373
352200;376
352300;379
352400;380
352500;379
352600;377
352700;375
352800;374
352900;375
353000;377
353100;379
353200;379
353300;380
353400;381
353500;383
353600;385
353700;385
353800;384
353900;384
354000;385
354100;386
354200;386
354300;387
354400;392
354500;403
354600;417
354700;432
354800;444
354900;450
355000;451
355100;449
355200;445
355300;440
355400;436
355500;433
355600;429
355700;421
355800;409
355900;396
356000;384
356100;374
356200;366
356300;362
356400;361
356500;365
356600;370
356700;373
356800;373
356900;370
357000;367
357100;367
357200;369
357300;372
357400;373
357500;371
357600;369
357700;368
357800;366
357900;366
358000;366
358100;367
358200;368
358300;369
358400;369
358500;370
358600;371
358700;372
358800;373
358900;373
359000;374
359100;374
359200;374
359300;373
359400;371
359500;368
359600;366
359700;365
359800;364
359900;362
360000;360
360100;359
360200;359
360300;359
360400;360
360500;360
360600;359
360700;359
360800;359
360900;360
361000;362
361100;363
361200;363
361300;362
361400;361
361500;361
361600;361
361700;363
361800;365
361900;368
362000;374
362100;381
362200;388
362300;394
362400;400
362500;407
362600;414
362700;422
362800;429
362900;434
363000;435
363100;433
363200;426
363300;419
363400;414
363500;412
363600;413
363700;414
363800;413
363900;412
364000;412
364100;412
364200;411
364300;409
364400;405
364500;400
364600;394
364700;389
364800;385
364900;382
365000;382
365100;382
365200;383
365300;382
365400;382
365500;381
365600;379
365700;376
365800;371
365900;367
366000;365
366100;363
366200;360
366300;356
366400;352
366500;350
366600;349
366700;350
366800;351
366900;353
367000;353
367100;353
367200;352
367300;351
367400;350
367500;349
367600;349
367700;351
367800;353
367900;355
368000;355
368100;353
368200;350
368300;350
368400;353
368500;358
368600;361
368700;363
368800;362
368900;360
369000;360
369100;360
369200;361
369300;362
369400;363
369500;364
369600;366
369700;368
369800;368
369900;369
370000;369
370100;371
370200;373
370300;376
370400;377
370500;377
370600;375
370700;374
370800;375
370900;376
371000;378
371100;379
371200;379
371300;378
371400;375
371500;372
371600;370
371700;370
371800;371
371900;371
372000;372
372100;375
372200;379
372300;382
372400;386
372500;387
372600;387
372700;385
372800;382
372900;380
373000;378
373100;377
373200;376
373300;375
373400;374
373500;373
373600;372
373700;371
373800;370
373900;369
374000;369
374100;368
374200;368
374300;368
374400;370
374500;372
374600;372
374700;372
374800;372
374900;373
375000;375
375100;377
375200;378
375300;379
375400;380
375500;381
375600;383
375700;383
375800;381
375900;378
376000;376
376100;374
376200;374
376300;376
376400;378
376500;381
376600;383
376700;383
376800;382
376900;378
377000;373
377100;369
377200;368
377300;370
377400;373
377500;375
377600;375
377700;374
377800;374
377900;374
378000;373
378100;372
378200;370
378300;369
378400;370
378500;373
378600;375
378700;376
378800;376
378900;374
379000;373
379100;373
379200;377
379300;383
379400;388
379500;391
379600;392
379700;393
379800;394
379900;396
380000;400
380100;403
380200;404
380300;404
380400;403
380500;400
380600;396
380700;393
380800;393
380900;395
381000;397
381100;397
381200;394
381300;391
381400;389
381500;389
381600;391
381700;395
381800;399
381900;403
382000;405
382100;406
382200;404
382300;403
382400;404
382500;405
382600;408
382700;411
382800;414
382900;416
383000;418
383100;417
383200;415
383300;411
383400;406
383500;399
383600;391
383700;384
383800;378
383900;374
384000;371
384100;365
384200;358
384300;351
384400;346
384500;342
384600;339
384700;337
384800;337
384900;338
385000;342
385100;348
385200;358
385300;369
385400;380
385500;386
385600;388
385700;387
385800;384
385900;380
386000;375
386100;371
386200;367
386300;364
386400;362
386500;360
386600;359
386700;358
386800;357
386900;358
387000;358
387100;358
387200;358
387300;356
387400;355
387500;355
387600;356
387700;356
387800;352
387900;345
388000;339
388100;335
388200;335
388300;335
388400;335
388500;333
388600;331
388700;330
388800;330
388900;331
389000;334
389100;336
389200;337
389300;336
389400;333
389500;330
389600;329
389700;330
389800;331
389900;331
390000;331
390100;331
390200;333
390300;337
390400;341
390500;347
390600;350
390700;352
390800;351
390900;348
391000;344
391100;340
391200;336
391300;333
391400;333
391500;334
391600;335
391700;336
391800;337
391900;337
392000;338
392100;340
392200;342
392300;344
392400;345
392500;345
392600;345
392700;345
392800;343
392900;339
393000;333
393100;328
393200;324
393300;320
393400;316
393500;312
393600;308
393700;305
393800;303
393900;301
394000;300
394100;301
394200;302
394300;304
394400;305
394500;305
394600;305
394700;305
394800;304
394900;304
395000;304
395100;304
395200;305
395300;307
395400;307
395500;306
395600;304
395700;303
395800;303
395900;304
396000;305
396100;305
396200;305
396300;305
396400;305
396500;306
396600;306
396700;307
396800;307
396900;308
397000;308
397100;308
397200;308
397300;307
397400;307
397500;307
397600;307
397700;307
397800;307
397900;306
398000;304
398100;303
398200;302
398300;302
398400;301
398500;301
398600;301
398700;301
398800;300
398900;300
399000;300
399100;300
399200;299
399300;298
399400;297
399500;296
399600;295
399700;294
399800;293
399900;292
400000;291
400100;290
400200;289
400300;288
400400;287
400500;286
400600;286
400700;286
400800;286
400900;285
401000;284
401100;282
401200;281
401300;281
401400;281
401500;281
401600;281
401700;281
401800;279
401900;277
402000;276
402100;274
402200;273
402300;272
402400;272
402500;272
402600;271
402700;270
402800;269
402900;268
403000;267
403100;266
403200;265
403300;264
403400;263
403500;262
403600;261
403700;260
403800;259
403900;258
404000;257
404100;257
404200;256
404300;255
404400;255
404500;254
404600;254
404700;253
404800;253
404900;253
405000;254
405100;254
405200;254
405300;253
405400;253
405500;252
405600;252
405700;252
405800;251
405900;251
406000;251
406100;250
406200;250
406300;250
406400;249
406500;247
406600;246
406700;245
406800;244
406900;244
407000;244
407100;244
407200;244
407300;244
407400;244
407500;244
407600;244
407700;244
407800;243
407900;243
408000;243
408100;242
408200;240
408300;239
408400;238
408500;237
408600;236
408700;235
408800;235
408900;235
409000;234
409100;234
409200;233
409300;233
409400;233
409500;233
409600;232
409700;232
409800;232
409900;232
410000;233
410100;233
410200;233
410300;233
410400;233
410500;233
410600;233
410700;232
410800;231
410900;231
411000;230
411100;229
411200;227
411300;226
411400;225
411500;225
411600;227
411700;228
411800;228
411900;228
412000;228
412100;228
412200;228
412300;228
412400;228
412500;227
412600;225
412700;224
412800;224
412900;224
413000;225
413100;224
413200;223
413300;223
413400;222
413500;222
413600;222
413700;223
413800;224
413900;223
414000;222
414100;221
414200;220
414300;219
414400;219
414500;219
414600;219
414700;219
414800;220
414900;219
415000;218
415100;218
415200;218
415300;218
415400;218
415500;216
415600;214
415700;212
415800;211
415900;211
416000;212
416100;212
416200;213
416300;214
416400;215
416500;216
416600;216
416700;216
416800;217
416900;217
417000;217
417100;217
417200;217
417300;217
417400;217
417500;216
417600;215
417700;214
417800;214
417900;213
418000;213
418100;214
418200;214
418300;214
418400;214
418500;214
418600;214
418700;213
418800;213
418900;213
419000;213
419100;213
419200;213
419300;213
419400;214
419500;214
419600;213
419700;213
419800;213
419900;213
420000;213
420100;213
420200;212
420300;212
420400;212
420500;212
420600;212
420700;212
420800;213
420900;213
421000;213
421100;213
421200;214
421300;214
421400;214
421500;213
421600;213
421700;214
421800;215
421900;215
422000;214
422100;213
422200;213
422300;213
422400;214
422500;214
422600;215
422700;215
422800;216
422900;216
423000;215
423100;214
423200;213
423300;213
423400;212
423500;211
423600;211
423700;212
423800;213
423900;214
424000;214
424100;214
424200;214
424300;215
424400;216
424500;216
424600;215
424700;215
424800;214
424900;214
425000;213
425100;213
425200;213
425300;213
425400;214
425500;214
425600;214
425700;214
425800;214
425900;214
426000;214
426100;214
426200;214
426300;214
426400;214
426500;214
426600;214
426700;214
426800;214
426900;215
427000;216
427100;216
427200;216
427300;215
427400;214
427500;213
427600;213
427700;214
427800;214
427900;214
428000;214
428100;214
428200;214
428300;214
428400;214
428500;213
428600;213
428700;212
428800;212
428900;212
429000;212
429100;212
429200;212
429300;212
429400;212
429500;213
429600;213
429700;213
429800;213
429900;212
430000;212
430100;212
430200;212
430300;212
430400;212
430500;212
430600;212
430700;212
430800;212
430900;211
431000;211
431100;211
431200;211
431300;211
431400;210
431500;210
431600;211
431700;211
431800;211
431900;210
432000;209
432100;209
432200;209
432300;209
432400;209
432500;209
432600;209
432700;209
432800;208
432900;208
433000;207
433100;208
433200;209
433300;210
433400;211
433500;210
433600;209
433700;208
433800;208
433900;208
434000;208
434100;208
434200;207
434300;207
434400;208
434500;209
434600;209
434700;209
434800;208
434900;208
435000;208
435100;209
435200;209
435300;208
435400;208
435500;208
435600;208
435700;208
435800;207
435900;207
436000;207
436100;207
436200;207
436300;207
436400;207
436500;207
436600;207
436700;207
436800;207
436900;207
437000;207
437100;206
437200;205
437300;204
437400;203
437500;203
437600;203
437700;203
437800;203
437900;203
438000;202
438100;202
438200;202
438300;202
438400;202
438500;203
438600;204
438700;205
438800;205
438900;204
439000;204
439100;203
439200;203
439300;204
